Date,AAPL,CVX,GS,JNJ,JPM,KO,MSFT,PFE,WMT,XOM
2024-05-29,1.001578791233557,0.9865442870931079,0.9942585297066838,1.0004155414051497,0.9930325675529482,0.9980589642734855,0.9973276525330251,0.9830390226257655,0.9981548831068467,0.9892912347222325
2024-05-30,1.0068422927784864,0.9950954328262505,0.9850908857257558,1.0062333447872878,0.9991477795836646,1.002426458144071,0.9636317561520213,0.9964665175380953,0.9976936188208734,0.9924255213265973
2024-05-31,1.011895332030595,1.0204980665139274,0.9988531876646947,1.0158608183492348,1.0156891688385707,1.0179553325055275,0.9647007239519596,1.0127208291913716,1.0110699246185413,1.0208950548805158
2024-06-03,1.021264063425785,0.9900654638966255,0.9954837902926627,1.0232718846586815,1.0116291946046356,1.0179553325055275,0.9609592646193053,1.035689157550761,1.0119925726890076,0.9964304115740775
2024-06-04,1.022948490852505,0.9817029433046122,0.996183869959527,1.023687202353788,0.9982957187292868,1.0342930698445887,0.9668850487205125,1.0420495336821687,1.023985205127275,0.9809332553284574
2024-06-05,1.0309489743163094,0.9744719645564477,1.0101430887783553,1.0110124624390842,0.9887718643761654,1.0339695638901696,0.9853365566602276,1.0441696847021567,1.0315188698021205,0.9848511135839136
2024-06-06,1.0236326958275486,0.980445163693182,1.0023102421288297,1.0141291907602388,0.9870176402126769,1.0376901112462882,0.9865216414475984,1.0176678738808627,1.0324416373711065,0.9922514573425494
2024-06-07,1.036317707007649,0.981388184897365,0.9953305634800063,1.018700593636971,1.0022556476157134,1.033807909004517,0.9849646509492382,1.0098940124504254,1.0129151012609543,0.9816297949875247
2024-06-10,1.016474385572429,0.985538356008061,0.9923547921495253,1.0190467849287443,1.0005513663450003,1.028631617550698,0.9943065219065284,0.9918728826376403,1.0295202570604356,0.98450284375438
2024-06-11,1.0903203223135232,0.9839663404966997,0.9720506123464117,1.0164840745294488,0.9742355306823283,1.0279844748531175,1.005484294637203,0.9904593973386104,1.0259841763645192,0.9765801661821626
2024-06-12,1.121480001950705,0.9696931126429633,0.9817432987676358,1.0071340014210066,0.9600501535145594,1.0171466003166654,1.0249581651095678,0.9773853122153163,1.0195263568623727,0.9657843689123711
2024-06-13,1.1276381707634981,0.9610163561510189,0.9766015802371896,1.0074109544544254,0.9707268430124146,1.018925981157527,1.026166444481277,0.9770319024262806,1.0255225535829866,0.9580358971856393
2024-06-14,1.1184272455832482,0.9593183118750029,0.9768422564237211,1.0080340987796175,0.9713283118121481,1.0196595098194876,1.0284671743687452,0.9727916003863045,1.0304427856323821,0.9499390137679362
2024-06-17,1.1404283320806583,0.9632169479637055,0.9849814874591507,1.0108738740673533,0.9773432391524194,1.0208005762028833,1.0419453888554056,0.9533570622030462,1.0365926574493076,0.9434094155138534
2024-06-18,1.1279012081248485,0.9640970592870242,1.0008442361169103,1.0087961670416052,0.9874686420862532,1.0209635389759604,1.0372281002245192,0.968551375274885,1.0393602431651476,0.9522897996519287
2024-06-20,1.1036368823907863,0.9849093617008826,1.0022007746228152,1.0235488376921003,0.9958396612946409,1.0136278599901276,1.0357409095777856,0.980212052027706,1.0456643875709826,0.972836513772192
2024-06-21,1.0921100618960038,0.9763581114662768,0.9849814874591508,1.0302671858529353,0.9839600341973186,1.023245802531494,1.0452221641397172,0.980212052027706,1.044126561121192,0.9643043994636502
2024-06-24,1.0955312487899223,1.0016977307716264,1.0110401545645185,1.0328297843972094,0.9968922117489298,1.0428076131603812,1.0403189586697716,1.0021202279485446,1.0593479240627532,0.9929479260708978
2024-06-25,1.1004264008177402,0.9963531079362175,1.0007348378503051,1.019462326333894,0.9928319981720581,1.0406883777722957,1.0479409728082394,0.9890460658966939,1.0365926574493072,0.9957338719150102
2024-06-26,1.1224274063057997,0.9805710879563737,0.997409130545506,1.0168997277896201,0.9896239252305431,1.0441118384999677,1.0507529199784678,0.9689045542782508,1.0499692022440144,0.9960822126752626
2024-06-27,1.1269013907199246,0.982897290527862,0.9757482045182596,1.0098351883370118,0.9983458211840199,1.0418295095500627,1.052356371678375,0.9823323569048072,1.0436652968352187,1.0003481988988148
2024-06-28,1.1085845284777835,0.9835262848350402,0.9896638025092642,1.0123284367679095,1.0138344206417007,1.0375911041682628,1.038645635085367,0.9886925791791016,1.0410515057142098,1.0022636120305308
2024-07-01,1.1408493376756499,0.9841550701392919,1.0144753293753321,1.0142677791319699,1.0298246031135643,1.031559519733274,1.061372798126223,0.997173337116167,1.0375154250182934,1.000870674573834
2024-07-02,1.1593767432199622,0.9856011613874616,1.0187418617729365,1.0114281156992557,1.046766891787314,1.0294404151339311,1.0672985822274303,0.9833922016291314,1.04658667714589,0.9940797675515227
2024-07-03,1.1661139668707392,0.9853497308669313,1.0237961309295078,1.009073120075024,1.0460652180781145,1.0323745951761445,1.0707611302850604,0.9787986436572329,1.0492001097713402,0.9991293963568848
2024-07-05,1.1913257779692472,0.9702590925678138,1.0168602115873264,1.0145449558754318,1.0322041505894697,1.0393842832214517,1.0865402907578006,0.9911661399881253,1.0768757279327013,0.9870276936224205
2024-07-08,1.1991156371215297,0.9703849123295422,1.0170133691605738,1.0076186692294897,1.034119691892242,1.026343076135527,1.0834726989297567,0.9869259148767059,1.0713404370025015,0.9766671981741866
2024-07-09,1.2036421966041844,0.9618964674743373,1.0345391099495513,1.0184927670068857,1.046518772943015,1.0219415771919078,1.0679029380118967,0.9795053863067478,1.0747232010976655,0.9658715427658328
2024-07-10,1.2262749940174587,0.9754150902620936,1.047798179862106,1.0349769533913558,1.0473756206561253,1.0242239061418128,1.083495893514095,1.001766818159509,1.0825646939592122,0.9744035861436557
2024-07-11,1.1977998022399725,0.9762322917045483,1.0485420188356125,1.0368470574970614,1.0456114238702776,1.0286252089023187,1.0566555094953365,1.0127208291913716,1.0731856136449145,0.9859830259952572
2024-07-12,1.2134320956130673,0.9783074817613594,1.0499642655408898,1.0380936817125102,1.0329603944882195,1.0384061796111337,1.0539830179626204,1.0219082528493952,1.0645755063047717,0.9861570190485864
2024-07-15,1.2337490787211594,0.9937123559604079,1.076985775871202,1.033661090917552,1.0587163272411517,1.0336787551213602,1.054935868775126,1.0282687059093594,1.070264352832763,1.003047183681622
2024-07-16,1.2359597428892817,0.9920147296902447,1.1005939910440217,1.045920401282128,1.076710129216465,1.0476980004232324,1.0446178803881214,1.0424028665426475,1.0761068744570659,1.010273392525491
2024-07-17,1.2046948321056896,1.0137700533082858,1.0987560309256443,1.0844990863681847,1.0930911587038339,1.063021471064691,1.0306748377873776,1.0611308928620609,1.0920970908742624,1.0242034763996473
2024-07-18,1.179956682680054,1.018423085460042,1.0638141553325222,1.076464652023503,1.0583635357525696,1.0626953493354232,1.0233547134096606,1.0498233951126057,1.0888683603709688,1.034302592148934
2024-07-19,1.1806410496737987,1.0006916951851152,1.0610135597074282,1.0714088050483312,1.0573554233035136,1.0643256310099063,1.0157790164069989,1.059010664913516,1.0877919177056714,1.0105345594322817
2024-07-22,1.1787988160321383,0.9871102670179581,1.0656301665581693,1.0682919648721552,1.0598755448641954,1.0558486894575643,1.029327030745286,1.0459365028616652,1.0821031906761995,1.0035695884259221
2024-07-23,1.1843254359477686,0.968875911200508,1.0768107386446337,1.0552014598422585,1.0601276527574384,1.0589460938503397,1.0337655521668894,1.0424028665426475,1.0862544497514401,0.9873760343826726
2024-07-24,1.1502709681767718,0.9750378399798346,1.0648863275846627,1.0824212674874152,1.0513574893117426,1.0728023763791348,0.9967001021642204,1.0593640747025517,1.0854855962758048,1.0013060473261102
2024-07-25,1.1447443482611415,0.990568324937685,1.075847895419689,1.105693264001118,1.0517606225979943,1.0770407817609347,0.9722997596047009,1.0664311934834743,1.0765681387430392,1.0223750243292362
2024-07-26,1.147218292818666,0.9924547853519038,1.0918639401295143,1.1126193269370168,1.069754743697223,1.0930164304665577,0.9882645487850179,1.1026239253657606,1.0728781439537722,1.0215045625475587
2024-07-29,1.1486920959338642,0.9846579311803517,1.0780578788839332,1.0982129594333165,1.0627485376944383,1.0894300069658087,0.9916574410567626,1.1008322592824689,1.0704180279290745,1.0107957263390723
2024-07-30,1.15163954014556,1.0033325516623877,1.106392099174099,1.1173983327337915,1.0846235247300293,1.1032862241002326,0.9828036648307649,1.1248412002270316,1.0638068918261758,1.0288178033834519
2024-07-31,1.1689036048674946,1.0089915148991908,1.1137435934505617,1.0932952534097895,1.0725773149488176,1.0879628188531452,0.972183498551527,1.0943820305969487,1.0553503400838247,1.0324742819399608
2024-08-01,1.1493235638216768,0.959632965780786,1.0942488223415083,1.1134505216023376,1.0481821265715658,1.1078506204225578,0.9693018235625426,1.0983237729087472,1.0730318190500836,1.0181960700977084
2024-08-02,1.15721873512972,0.9340419159549064,1.0297474658722419,1.136860882777728,1.0037265695232196,1.130183844503695,0.9492702746058702,1.090440134428037,1.052582993365024,1.0175867042921027
2024-08-05,1.1014789553098947,0.9095827214772653,1.0043231702343662,1.1168443148119322,0.9823556387121566,1.110133014766834,0.9182701363747915,1.065714450121601,1.0392065680688365,0.9992162864874709
2024-08-06,1.0907416519459165,0.9005911020766104,1.0288284511933488,1.1010528465760738,1.009775004874618,1.1093179393239636,0.9286344418976021,1.050664070379167,1.0415127700001836,0.9939057035674744
2024-08-07,1.1043738244530603,0.8954353133852572,1.0349329437093302,1.100567955057548,1.0100774545655304,1.1160013748512607,0.9258923666118712,1.033821870696328,1.02875152308332,1.0071391059211259
2024-08-08,1.1227432617637314,0.9085136715084275,1.0628513813469869,1.109710313390926,1.028524891186723,1.1204026776117664,0.9357919880863396,1.030596871746403,1.0402828912356141,1.0263799145767163
2024-08-09,1.1381651738533562,0.9116574935282235,1.0726754149275464,1.1124806267102643,1.0372951344133978,1.1195876021688962,0.9435304073437224,1.0230716434109077,1.0447416200019968,1.0347378939704912
2024-08-12,1.1462801235295375,0.9118460141678895,1.0622606999467277,1.1073556533317594,1.0392607781709031,1.111273884967116,0.9453663091171067,1.019488157387211,1.0562728686557714,1.0360439412966018
2024-08-13,1.1659882403586306,0.9063756760722155,1.0763511966854824,1.0970354616212008,1.0480813631952475,1.1160013748512607,0.9620979602379994,1.0338218706963282,1.047509205717837,1.0261188186006442
2024-08-14,1.168359465059613,0.9096454223552028,1.0911419115699197,1.0976587178014146,1.059674018111559,1.1179574512831554,0.9687210225267675,1.03489694727486,1.0556578097749671,1.0356084976136064
2024-08-15,1.1841679537702308,0.923038329882694,1.0918420604761934,1.1018837056763302,1.0662767717041761,1.1190987138496646,0.9801748252176419,1.0288051287345548,1.1251537273769139,1.042015314793367
2024-08-16,1.1911765587454688,0.9259934222598974,1.1033072065346499,1.1039616364121214,1.0784743260023126,1.1277386181750837,0.9742151136343745,1.0141127744945526,1.1325237985783143,1.03710059621525
2024-08-19,1.1903333324152263,0.9335595372006389,1.1042259442559061,1.105624025742763,1.08593392730804,1.12447818561486,0.9813388043739224,1.0320301276844799,1.1366870075055229,1.0402600632248054
2024-08-20,1.1936005205336822,0.9199532376852331,1.0881662787182573,1.1092947719857766,1.0812464756752584,1.1309989199465649,0.9889516703378219,1.0356136137081766,1.1493306678790192,1.0055935964881915
2024-08-21,1.1930208176208936,0.9239588832722826,1.086240799986596,1.118091050882403,1.0816497685234683,1.1340959973674842,0.9874151371747166,1.040272176310405,1.1601238936752363,0.9991867083777121
2024-08-22,1.1831669212250482,0.9265657767740054,1.0890632752650111,1.1244632077514645,1.0918814397211627,1.1301838445036947,0.9674172275686219,1.0313134612511632,1.1653664132322148,1.0069099996992537
2024-08-23,1.1953394672533462,0.9385825045322275,1.1145968999300828,1.1367915326643518,1.100349233256925,1.1376824862626045,0.9703039448585494,1.0356136137081768,1.1672166088124547,1.0208642709485367
2024-08-26,1.1971310700508908,0.9441775128735342,1.1112055536653205,1.140116087615592,1.1046838934011243,1.1547989397741383,0.9626214231087644,1.0363303570700502,1.1723048557805233,1.0427173870485047
2024-08-27,1.201610239063453,0.9343227113866038,1.1098708948127365,1.1371852623402945,1.1097745581011365,1.1655580140932718,0.9634362589411702,1.0327468710463534,1.1738468646785025,1.0328002795237767
2024-08-28,1.1934952083779211,0.9282825268119395,1.1012721910575647,1.1439546163909675,1.1153694385876345,1.1696333913076233,0.9558934089275093,1.0302384616011884,1.1730757407309933,1.0226195934478173
2024-08-29,1.210884675574562,0.9373108262261878,1.1160847855953229,1.1461178925082203,1.1200065484227464,1.174523843964845,0.9617600540419411,1.0291633850226567,1.1783182602879716,1.0367494891569626
2024-08-30,1.2067217670666845,0.940680684910949,1.1230177276429067,1.1574934363473353,1.133060870653014,1.1813703730539618,0.971118852723826,1.0395554329485321,1.1908077675710778,1.035081978887613
2024-09-03,1.1738924847139398,0.9197627315177657,1.0728587608832238,1.166565661582186,1.1103794574829615,1.1901733709412003,0.9531930406738649,1.014112774494553,1.1898824905331784,1.0134044163167888
2024-09-04,1.1637750649006404,0.9032950774376732,1.079857688087817,1.167961388541394,1.1054903195355856,1.182837561166625,0.9519358509830076,1.0173380811587047,1.1909618011629481,1.0010296303147674
2024-09-05,1.171837439508292,0.896046855948076,1.0737831069966288,1.1514219457762662,1.096921922185463,1.1601784115393337,0.9507485331766476,1.0216382336157181,1.1866445586438692,0.993218881416889
2024-09-06,1.1636170156576486,0.8809780584547735,1.0555815895734315,1.147164743655137,1.0708634599606395,1.15968939243136,0.9351738740235856,1.0234299766275665,1.1817104647661907,0.9885673158056902
2024-09-09,1.164091244395975,0.8920412103610266,1.0753018041989828,1.1627273565168539,1.0927887887939,1.1712634114046212,0.9445326727054705,1.0538891462576494,1.1925036905624078,1.0093673944536712
2024-09-10,1.1598756798102172,0.8788799825775151,1.02811410820818,1.168100983608319,1.0360852558687688,1.1663733511136267,0.9642743613907848,1.0657144501216016,1.2151696917816512,0.9725944272287703
2024-09-11,1.1733129438198528,0.8766548329209696,1.0370058331432714,1.1502353877074027,1.0445025480449033,1.1587113542154126,0.9848542245585845,1.0628477074597782,1.2156320315543017,0.9629405436016797
2024-09-12,1.1738924847139403,0.8851110913254998,1.043366511473455,1.14897925581512,1.0413272650857055,1.1611565805440234,0.9940732794714747,1.0449305081269642,1.2282758114263175,0.9761928135265441
2024-09-13,1.17246963648026,0.8940123169604611,1.0542170192960543,1.15512043206463,1.0298353735457124,1.1720712934666575,1.0024309653175414,1.048872404295876,1.2427695478815337,0.975490670340688
2024-09-16,1.139904120573021,0.9034222557184237,1.0677966676734079,1.1653792153683442,1.0476780703470376,1.1833966830405451,1.004177042101268,1.0775397539855538,1.2421528160214537,0.9891815758308958
2024-09-17,1.1423807384391147,0.9118148727318471,1.0683029462337987,1.1659377074910662,1.0546841167878644,1.178472617676517,1.013046881657413,1.06893960292864,1.211931640393822,1.0020828805589106
2024-09-18,1.162931919579749,0.9153119096973588,1.0665200314457703,1.1595171173976628,1.046014716718487,1.1776519183177219,1.0029430469947491,1.0660728602668166,1.2185617767613504,1.005593596488191
2024-09-19,1.206036670988785,0.9218607028935611,1.108887764440883,1.1502353877074027,1.0608836573132512,1.159104897541407,1.021288090351694,1.0628477074597782,1.2032970358571444,1.0180559109972682
2024-09-20,1.2025059594528753,0.9262477788213982,1.0970028890835903,1.145629421629004,1.0639582566771097,1.1758465105171152,1.0133261530967905,1.054247479474308,1.21902435553104,1.0116491647482266
2024-09-23,1.1933897342034596,0.9380740004121529,1.0947578704782686,1.1390693483236969,1.0657222939009998,1.177323638574204,1.0092287793504235,1.0503057371625095,1.2386064584528444,1.0299917067803521
2024-09-24,1.198132264614775,0.9375016458980451,1.0961004918629154,1.135998704271431,1.0664784580187705,1.1707584360700705,0.9991252328192421,1.057114145207575,1.2438488585113032,1.027271088128297
2024-09-25,1.1928629303966034,0.9153754465870023,1.080958179258338,1.1207853027870702,1.059421989999295,1.1727278529536938,1.0059695800865418,1.0366886133581525,1.25510478257573,1.0072608939653844
2024-09-26,1.1989228348671368,0.9027864688161356,1.0936794666792962,1.1262983012354173,1.0573554233035134,1.1719072843836411,1.0041071702167708,1.0381220231533426,1.2322847477646162,0.9899716731081214
2024-09-27,1.2003453590634146,0.9250397419064654,1.0971789649012975,1.1263679869138583,1.0609845004705483,1.178308739382243,0.9964479150841946,1.0424220986817996,1.2301261265050767,1.0164760710964127
2024-09-30,1.2277997520141752,0.9363571458727559,1.0896957080290437,1.1309740648472786,1.062798879492108,1.1794574569070713,1.0017557291883892,1.0370469465748111,1.245082322231463,1.0287629739377837
2024-10-01,1.192019704066361,0.9518074782083094,1.0788233897925328,1.1304858176781054,1.0435450167364537,1.1769954896194283,0.9793834000681864,1.0273716420108092,1.253100194908061,1.0525468951354573
2024-10-02,1.1950233687673628,0.9597548144869119,1.0828288896172877,1.1247629792092844,1.0448050775167947,1.1655062217512666,0.9710954420408757,1.0252215657823025,1.2401483478523043,1.066501237315459
2024-10-03,1.189174088608351,0.9616624886981663,1.069865471982204,1.1200873274524445,1.0344220618021758,1.157463498823817,0.9697220633297152,1.015546338146857,1.2401483478523043,1.0758041557456999
2024-10-04,1.195128761932474,0.9584200172970817,1.0898057986897414,1.118621579249731,1.0711375076230725,1.151718864889736,0.9686044733421114,1.0241466430608839,1.248012067438512,1.0955510550802563
2024-10-07,1.1682014158166212,0.960835882124021,1.088617304230071,1.1133178615467498,1.0696667452775244,1.1326795552868867,0.9534257068459537,1.0463639179221549,1.21964108739112,1.1002902201292297
2024-10-08,1.1897010544339082,0.9457670846307186,1.0929091090120493,1.1144343983721072,1.0687540508792022,1.1354699331067901,0.9654616071642742,1.0456472514888382,1.2290465768782677,1.0710649906967264
2024-10-09,1.2095672205059933,0.9514893757542389,1.1118588967309444,1.1211340667443392,1.0822939999278778,1.1418708649504223,0.9718638166717344,1.0818399833711245,1.2396857690826144,1.0715036971927885
2024-10-10,1.206932472387557,0.9576567386096535,1.1086457034661663,1.1201570131308851,1.0793527943606973,1.136618781420361,0.9680923916649038,1.0513808137410416,1.2275048069773278,1.0807188743238167
2024-10-11,1.1990808841101284,0.9627432428308856,1.1363331584345855,1.126786772114633,1.1272754731889636,1.1418708649504223,0.9692099096196372,1.0449305081269649,1.2350601008842357,1.0848437793475842
2024-10-14,1.218841657017102,0.9650322428814645,1.1505291067936185,1.127763825728087,1.1231678697106406,1.1545091119208972,0.975774913414689,1.0420638423936979,1.2379898460912844,1.0889686843713517
2024-10-15,1.2322789210267373,0.9392819328256231,1.1497148513409112,1.1452107482832494,1.1277826408716676,1.1545091119208972,0.9748436724633682,1.0549642997647382,1.2589596853221585,1.0562329518017248
2024-10-16,1.2213708499517253,0.9456400108514316,1.1661774902403592,1.146466880175532,1.1341216385481263,1.15828406739387,0.9687442171111063,1.063206040676437,1.2523294294561107,1.0589537832459368
2024-10-17,1.2233206640109628,0.961344490745559,1.164285038706907,1.1477929214562987,1.1380772592616937,1.1472872191409853,0.9701410785380874,1.0488724042958764,1.2472410629895223,1.0562329518017248
2024-10-18,1.2383388254972705,0.9584833451837989,1.1631844090575671,1.1523288662911917,1.1428948336710194,1.1561505106384875,0.9734934883365459,1.0470805843554714,1.2537169267681407,1.0532488964598756
2024-10-21,1.2461377576968184,0.959309951757944,1.1396346319461494,1.1363476919387427,1.1308761483275191,1.1399013172780565,0.9749368109650743,1.0366886133581525,1.2460077187678822,1.0538632983465193
2024-10-22,1.2428705695783626,0.9595643083194446,1.1407349846378523,1.1406744678832912,1.1365558359945604,1.1399013172780565,0.9952605972778348,1.0334636144082274,1.264664305654748,1.0593046775120676
2024-10-23,1.2159958795403905,0.9567668041487911,1.1383140286936422,1.157493436347334,1.1329552406369836,1.1162662220546968,0.988485977829291,1.0341802039129875,1.2839383413928118,1.0555309504773065
2024-10-24,1.2149948469952079,0.9565757754740076,1.154380756651034,1.1422100136194673,1.140916983423746,1.1046129451035185,0.9887886599516186,1.026296565432277,1.280391864325683,1.049562910724327
2024-10-25,1.2194212789205394,0.9588649845275128,1.1281898422740106,1.1227394100139771,1.1273768748131128,1.0983758915541604,0.9967505251736516,1.0194881573872119,1.2722197190601756,1.0486853558707647
2024-10-28,1.2299075343070536,0.9571480254866523,1.1523558501276985,1.1277638257280864,1.143554063899458,1.0942724601545561,0.9931187719029451,1.0341802039129875,1.275920468716214,1.0435073424642913
2024-10-29,1.2313303015313832,0.9443049001572115,1.153896565462192,1.117225852290522,1.130369060425794,1.0760536537273881,1.0055971701454582,1.0198464136753136,1.2597303312755892,1.0292896345252145
2024-10-30,1.2125182291291141,0.9413164718132379,1.154160644569048,1.12085498846551,1.1380265185591296,1.0819624275332282,1.0069473542722807,1.0219966437609336,1.2549505099868203,1.0241114792573036
2024-10-31,1.1904388875990388,0.9462123653655393,1.139612544574601,1.1156209564409698,1.1253992639087762,1.0719504185108977,0.9459993339840785,1.0141127744945535,1.263585114523498,1.0249014346730911
2024-11-01,1.1746303178790705,0.973234249225957,1.1430458499213654,1.117505154279394,1.1305717838931135,1.0670264839356118,0.9553579165673516,1.0065878538732846,1.2672858641795364,1.008840662935521
2024-11-04,1.1698877064584046,0.9789565403494772,1.1257029011727915,1.1043152101353175,1.1145468169144606,1.0686677518644596,0.9509113274642393,0.9947623192236626,1.2712944420222763,1.040962135479942
2024-11-05,1.177475771318379,0.975395966494322,1.1597950014962641,1.105082871148384,1.1232186104132045,1.0729352577414517,0.9578955625662748,1.003004367849588,1.29026017157956,1.0440339321210037
2024-11-06,1.173629042305836,1.0027993851969907,1.3117021110126532,1.1018030582057736,1.2528891085879752,1.0455250762563768,0.9781960102289559,0.980428682843102,1.2865595414220412,1.0619376257956292
2024-11-07,1.1987119675275626,0.9967592006223264,1.281307533621619,1.0937774604077963,1.1987287539264204,1.044868582163712,0.9904182595835593,0.9840120150096855,1.29288113261175,1.06325409993741
2024-11-08,1.1972876611255718,0.9977764178654022,1.2969121577617175,1.0849842015967526,1.2017714408987292,1.0491359572519616,0.9836903174351747,0.9723670316824115,1.3079919594226053,1.0629030638098413
2024-11-11,1.1828858997878677,0.9950424505843922,1.325700103900658,1.0819833550779492,1.2134858415888028,1.0399446475884262,0.9731442729798004,0.9548993259058307,1.2984319583495085,1.0572861311151494
2024-11-12,1.1828858997878677,0.9873489483599741,1.3042411492301758,1.0652344078574123,1.2148551225292226,1.0373185404290244,0.9848309579413757,0.9530797347564919,1.3104588868629248,1.0562329518017246
2024-11-13,1.1875810397290905,1.009157463222799,1.3078285815019166,1.0694215887350356,1.2229690874236772,1.0340358737825863,0.9898829112891429,0.9723670316824113,1.3183227259476522,1.0660625308193967
2024-11-14,1.2039344783410955,1.0287404104232258,1.2954813946091028,1.0598606689109253,1.2265694434383172,1.0266499065252863,0.9938172026164356,0.9468932940915645,1.3024411336848467,1.0667703484627604
2024-11-15,1.186947951654266,1.02632433659336,1.3063320409105206,1.0747254182930381,1.244014432059954,1.0133551000677752,0.9661368432934264,0.9024962855046451,1.2990491682036671,1.055709766819517
2024-11-18,1.2028794935684228,1.0325545048281757,1.2941169628105442,1.0800990453845032,1.2425944901979489,1.015324647740141,0.967906186694362,0.9046798256552743,1.2964276096788787,1.0645582321341118
2024-11-19,1.2042509818738318,1.0251038640043029,1.2795689320555064,1.0677466716419772,1.2327562987880627,1.0273063352235798,0.9726321192697224,0.9134136785435647,1.3352835093417077,1.0496927848705337
2024-11-20,1.2080493483040755,1.0362156090909576,1.2807792369290882,1.068514220800022,1.2210418183170102,1.0338717993051985,0.9672776278653687,0.9075909560942579,1.3442263005606458,1.0646468246019503
2024-11-21,1.2055172390328308,1.038142511571446,1.3119883467304667,1.0851934823421179,1.2412251294765502,1.0465099154869308,0.963102026421513,0.914505294761766,1.3628834849401101,1.07889262110569
2024-11-22,1.2126387710427846,1.0428312832236266,1.3266686247571602,1.0828907230129616,1.2604450853161828,1.0491359572519614,0.9727360627020207,0.9334285657578386,1.3944923968768113,1.077654028893202
2024-11-25,1.2284648387824795,1.0299854408561417,1.327218662624193,1.087147589569026,1.269268861579682,1.0566860643810203,0.9769116641458765,0.9523519136824676,1.3799984214245558,1.0615497766249795
2024-11-26,1.2400177442881504,1.0439233235143748,1.3326549256015625,1.0870068759518852,1.2676461962503573,1.0594763768065525,0.9983724893213071,0.9377956460590969,1.407907061699297,1.04385284599579
2024-11-27,1.2393319191260952,1.0412255137396422,1.3325007986765858,1.0931973802659096,1.2667332625090986,1.0575067637398154,0.9867089269111996,0.9399790323526129,1.4166958193263646,1.0411098841672983
2024-11-29,1.2519927085103706,1.0400694140519344,1.3394115841132115,1.0904539121517496,1.2663784764960446,1.0597393929675942,0.9878053392348425,0.9538075558305161,1.4262554619039023,1.0437643244586703
2024-12-02,1.26391493564536,1.041867884234114,1.3308742264746298,1.088976642881814,1.2487813455476946,1.0526282128581554,1.0053472160844215,0.939615006422766,1.4284139636649222,1.042791013134666
2024-12-03,1.2800574259084412,1.0400052501535115,1.3316926362918917,1.0718118186910628,1.2415295736919347,1.0504782421155971,1.005860450287559,0.930153409389008,1.4418287479859278,1.041198334773699
2024-12-04,1.2819565281142125,1.0168825248891125,1.3242387369291573,1.05851628340662,1.2343284627577602,1.028813806268914,1.0203698153170842,0.9181444770604437,1.456322484441144,1.0112020884273405
2024-12-05,1.2821148203852561,1.0233697667234727,1.3200141636135547,1.0518332814326026,1.24487654531767,1.0405555618043514,1.0324998625972994,0.9352482338357339,1.46942872358433,1.0156262501539188
2024-12-06,1.2810597546032332,0.9970998753924544,1.3263841892639863,1.050356012162667,1.2544103722931508,1.0341059111541613,1.0347158818289233,0.9363399269824918,1.4755961616836488,1.0049196837284355
2024-12-09,1.3016862744399118,1.0089180503705404,1.3140864393093725,1.052396135901166,1.2364077146291825,1.0352635223134754,1.0404310418164502,0.9498045783876612,1.4467627223650867,0.9989911523858532
2024-12-10,1.3070671585338391,1.0084043211773042,1.2939811150896072,1.0497931576941035,1.2315899008769204,1.0403902448339106,1.0341561143913682,0.9305174353188549,1.4578643738406036,0.9969560082007252
2024-12-11,1.3003147861345026,1.0033300436272699,1.3106361010679346,1.0315732050848392,1.2349876929861987,1.035924986378353,1.0473592353451469,0.9181444770604436,1.464186084528832,0.9903196592147792
2024-12-12,1.308069487228631,0.9936956357262904,1.3085346849973847,1.0287593801621087,1.2248452967038648,1.0557702816064733,1.048688818070973,0.9232393015071695,1.4507715392048657,0.9894347275664571
2024-12-13,1.3089662607396102,0.9883004341826784,1.2949762238792597,1.0314324914676984,1.2167820725119742,1.043863209100595,1.0433468603861067,0.9308811535344755,1.4564584737565422,0.980763234395383
2024-12-16,1.324317451666174,0.9593329420798541,1.2968566277555034,1.0119464518692312,1.2149564443723933,1.0344365450950432,1.0534242589852547,0.9188722212059112,1.466039506569103,0.9597924255071397
2024-12-17,1.3371891893993735,0.9513040946599326,1.2710886276901414,1.0299553340527843,1.2087696688036267,1.0484937191322221,1.0601189939802855,0.9618135876447822,1.4745385997844611,0.9557222080676026
2024-12-18,1.3085442830324112,0.9254196047253046,1.2170537772798078,1.0182776698003964,1.1682507445958759,1.0393979506450373,1.0202998713997167,0.9421624186461288,1.4456413482563888,0.9416530999845081
2024-12-19,1.3177232095191798,0.9066002497166957,1.2253262249386228,1.0100469298928512,1.1813852467099122,1.0327828522356637,1.0194600401612073,0.9377956460590968,1.4433233159715932,0.9336011157118346
2024-12-20,1.3425173364060698,0.9175193986066185,1.252111213446958,1.0163077910154459,1.2049155294951874,1.034436545095043,1.0184569824378824,0.9592662523499758,1.4253975820311038,0.9367864724337686
2024-12-23,1.346632044350349,0.918290096897936,1.2624627820865464,1.0219357764259716,1.20892181113034,1.0316251756819785,1.0153079214331722,0.972003082681121,1.396191068334094,0.9405913380541031
2024-12-24,1.3620886284420244,0.9238781036412065,1.2890264814429384,1.0260158001929267,1.2288007578554745,1.039232502885854,1.0248252644632825,0.9730946988993224,1.4321969283025022,0.9414760569102687
2024-12-26,1.3664143657445782,0.9247773387322963,1.2855761432015003,1.0241163900715686,1.2330099225199045,1.0347673098246677,1.0219793177781236,0.9665443092331046,1.4338969142435014,0.942272467021471
2024-12-27,1.348320198207196,0.9249057710306055,1.2744064417022871,1.0203880384924442,1.2230197483452627,1.032782852235664,1.004297481060938,0.9687279263122903,1.4164349540578987,0.9421840164150701
2024-12-30,1.3304367359906861,0.9189324673924079,1.2685892234952583,1.008358590197204,1.2136379839155165,1.0258369237022948,0.9910011495725826,0.9614497155720484,1.399590801219053,0.9358131611097644
2024-12-31,1.321046780145643,0.9303011815771438,1.2665323976042613,1.0173630312889805,1.2156157543818107,1.0296405873042325,0.9832332688711178,0.9654527699434597,1.3961910683340941,0.9518288209101482
2025-01-02,1.286387901609929,0.9423121617548883,1.2717300615773766,1.0131422939048846,1.2170864369463799,1.022694789559606,0.9764217685928188,0.9683640542395564,1.3907825653332773,0.9495282539750987
2025-01-03,1.2838028932327523,0.9496342657789889,1.2831430703606725,1.0143381359405388,1.233719973231886,1.0212064136706676,0.9875487581497093,0.9676361562369756,1.4028359030195434,0.9543949524565571
2025-01-06,1.2924545298565613,0.9458446247164348,1.2903538009181426,1.0106097843614144,1.2277049661106358,1.0056609291389214,0.9980458922859354,0.9785534723473386,1.4128805900884713,0.9533331195954332
2025-01-07,1.277736345995471,0.9608101747640666,1.283121052228533,1.0286889114985165,1.2395309006091755,1.0061570762333578,0.9852626509349762,0.9872872483070723,1.4032996767744301,0.962270035516429
2025-01-08,1.2803212733632972,0.965370409616475,1.2828999015554083,1.0008315302303847,1.2393269804271727,1.0205448842114186,0.990371294151918,0.9774617022720239,1.4185982357597062,0.9461659251096441
2025-01-10,1.2494605992391257,0.9836116625304983,1.2386192221617074,0.9993542609604491,1.2227095598993993,1.0099607398352952,0.9772848664485371,0.9723670316824111,1.4371418965454723,0.9427149328456321
2025-01-13,1.2365359623999939,0.9978064097853493,1.2451442056100266,1.0163077910154459,1.244832266874395,1.0195526554169168,0.9731793529877905,0.9752782390499513,1.4144259449450018,0.9670482833914866
2025-01-14,1.2306276264244056,1.007761950682833,1.26412161985321,1.0182776698003961,1.2614496076211894,1.026002371461478,0.9696336789974699,0.9610857665707577,1.402990653602532,0.9708531490118211
2025-01-15,1.2548414023237024,1.016946793288999,1.3401859576661945,1.0198252958789022,1.2863249179293066,1.0215371130059205,0.9944533969297145,0.954171350974693,1.41148974681789,0.9866917657379656
2025-01-16,1.2041455076993697,1.0236908997199774,1.3558235397650928,1.0395225177581022,1.2961118899507558,1.0294752703337915,0.9904178994192065,0.9639970508668544,1.4108718199726131,0.9850105658398788
2025-01-17,1.2132190410210268,1.0371148441820477,1.3844664985810768,1.0343168969090422,1.321038100523395,1.0370825975376667,1.0007984843707765,0.9570827121993462,1.4207617564585524,0.9938589602237548
2025-01-21,1.174498191628265,1.0163686911944136,1.4039305273924259,1.042195629063692,1.3407651442647528,1.0322867051412272,0.9995621121795272,0.9694557473863141,1.4383783477286238,0.9863378923816432
2025-01-22,1.1807759302425225,1.0046147846162137,1.3994848034036986,1.0219357764259716,1.339796284057303,1.0217025607651038,1.0408509934521406,0.9465294989473868,1.44069614101638,0.9691718072522968
2025-01-23,1.1798790757221926,1.0020455116412534,1.414458933483223,1.031573205084839,1.3556494028074606,1.0175680670391705,1.0420406163103604,0.9621775366460721,1.4496588884881052,0.974657872770718
2025-01-24,1.175236834886902,0.9997331032629114,1.4087081851090681,1.0328394039290634,1.349991335785694,1.0240177176893606,1.0358590434855963,0.9651369782186027,1.4643395206281045,0.9614736963359456
2025-01-27,1.2125861149649042,1.0098814493600534,1.4007013398241126,1.0755403939802304,1.3551396023524538,1.0562664287009094,1.0136983469392626,0.9936213148721212,1.505135837253533,0.9748348449142388
2025-01-28,1.256898715791167,1.0033300436272703,1.410698818124828,1.0578831839845078,1.361715150631275,1.0312944109523539,1.043183705934162,0.9895520250134744,1.5034360903095731,0.9559877017482433
2025-01-29,1.2627015775922934,0.9999900723609927,1.4097696252527758,1.0632997634042576,1.358860587207152,1.0390671859154126,1.031823401909347,0.9847429901545298,1.5066811921100636,0.9615621469423467
2025-01-30,1.25336419681578,1.0040366825216283,1.4281720754415985,1.075399792218111,1.36727125756204,1.0592432458731573,0.9680473711207693,0.9954708312299787,1.5244522949660841,0.9695258224700571
2025-01-31,1.244976488656178,0.9582409017891065,1.416449704977801,1.0703344375661055,1.3625308313592859,1.049816712656348,0.9682106696384553,0.9810438035817016,1.5168803907649404,0.9452810643920413
2025-02-03,1.2028266754718415,0.9592044052800823,1.3986885501973947,1.0683647824911984,1.3600332080346467,1.047666807308161,0.958553294707868,0.9692061142201364,1.5382056185933495,0.9475816313270908
2025-02-04,1.228095598162512,0.9841254962251977,1.4026921113186908,1.0797612432193477,1.365792916023499,1.0364210680784178,0.9619355981476321,0.9569986292869788,1.557212814136963,0.9729766728726316
2025-02-05,1.2263547072184338,0.9826481590395225,1.4276194064770142,1.088202829842561,1.3784854315145716,1.0438632091005946,0.9640818895604999,0.978084362009171,1.583328737619432,0.9722688552292679
2025-02-06,1.2303112849103703,0.975647083510463,1.4558641002110277,1.0799017331264456,1.4114657712475094,1.047832124278602,0.9699833985843096,0.9555189085007134,1.5893552869640455,0.959438552150818
2025-02-07,1.2008221801009586,0.9802716912642208,1.4507327675919681,1.0771582650122853,1.4058586044902648,1.055770281606473,0.9558240412731065,0.9521895174994776,1.5630849713941473,0.963508840521074
2025-02-10,1.2022479446712597,1.0005040105571557,1.4388553008514644,1.0850373327319998,1.381594974947177,1.0675121679306527,0.9615857344950511,0.9569986292869788,1.5904371070627286,0.9819135887936273
2025-02-11,1.2284951362795982,1.0112302497459569,1.4315782389399387,1.0983328680164426,1.401729460147646,1.1179523505222002,0.9597663282490376,0.9444211179965591,1.5834831297068617,0.9881075428861312
2025-02-12,1.2509399109901638,0.9949160038138853,1.4354711554852633,1.092212608655967,1.4040745422406775,1.1363092044670111,0.9541678615119085,0.9422014214243264,1.6010999599739726,0.958378634419103
2025-02-13,1.2755499846325238,1.0012105449500504,1.4353605109092917,1.1062118238811356,1.4085092477323853,1.149374084315317,0.9576667861691995,0.9484903309266495,1.623352257318076,0.9653421868110854
2025-02-14,1.2917631150493154,1.0088088463414664,1.4610177279198635,1.0984733579235402,1.4098854696179672,1.1389553223040059,0.9527448521528937,0.9444211179965593,1.6077447946594217,0.9663242226135077
2025-02-18,1.291076560803105,1.0141340319047147,1.486763155937812,1.0990409103030097,1.4270126906007479,1.141932204870625,0.9555675322208438,0.945530889354119,1.603726776433627,0.9832865947183286
2025-02-19,1.2931889606289673,1.0210826476992332,1.47782753321726,1.1196047848893698,1.423444566101573,1.1588005521377551,0.9675342089505026,0.9577383742872765,1.6071265093185858,0.9847150684651671
2025-02-20,1.2982587688166471,1.0312136465534791,1.420563495238613,1.132297869027612,1.3599819886462097,1.1583043396489474,0.9726529367693306,0.958108323715982,1.502199639126422,0.9998920434459166
2025-02-21,1.2967801051404138,1.0190695315115803,1.3837145585966883,1.150876316981023,1.3469328521795687,1.1799688408900018,0.9541409932511689,0.9729053777215211,1.464648663298523,0.9881969155918773
2025-02-24,1.3049659379983571,1.0253689842165172,1.3849089384061442,1.1610874500455461,1.3321503941659045,1.1674001735305035,0.9443006548292174,0.9858527615120894,1.4474956067862987,0.993374787136913
2025-02-25,1.3046490294188675,1.0158223575446506,1.3600701312128343,1.1777512755946649,1.3120666496679998,1.1822841939973723,0.9300426124852708,0.9891820755847688,1.5096172707386561,0.979626356833721
2025-02-26,1.2693710774259808,1.0075099976549875,1.366396120598987,1.1564073240878436,1.3191522377447644,1.1708731377971882,0.9343201404410478,0.97734446315176,1.486592056969248,0.9772159182151791
2025-02-27,1.2532108461151215,1.0174459967788474,1.3447865009739903,1.161016533961868,1.3204773998038668,1.1720308797452446,0.9174908847804708,0.9655068507187513,1.4957094355254419,0.9833759674240746
2025-02-28,1.2771871025985022,1.03010958859446,1.3832183889900471,1.170163925771217,1.3490226351402026,1.1776534877826315,0.9279156258817282,0.9777144895090222,1.5238342486222887,0.9939105268563564
2025-03-03,1.2570660811094758,0.9941968247439406,1.3453645115623576,1.1861897302772741,1.3284802297947493,1.1960104725161846,0.9080478076399655,0.9710557075065503,1.5080720353806456,0.9620389432344296
2025-03-04,1.2459756579862964,0.9871181046277014,1.291750775239045,1.1730004572633272,1.2756203848698249,1.160785009726759,0.9083283036381434,0.9525593899996263,1.467584741927115,0.9600748716295853
2025-03-05,1.2449722761699469,0.9793901169204176,1.3182686381065176,1.1708729747529785,1.282145032884124,1.158965869108196,0.9373351482735423,0.959588044502247,1.4831925630813285,0.9413268896085364
2025-03-06,1.2428070582475028,0.9932876620138439,1.261809715978558,1.1759077929840942,1.256709021856478,1.1652502681823163,0.9276819512494506,0.9706858350064014,1.462485262098196,0.960789143968364
2025-03-07,1.2625585150791592,1.0153028807709368,1.2440275124177413,1.1820061287603412,1.2349941552454877,1.1812918998084991,0.9193140367357564,0.9888121261560633,1.4173621430721137,0.9732877040747714
2025-03-10,1.201350199048073,1.0232907636172723,1.181767297146879,1.189167870226698,1.1837146119501056,1.1816224029606386,0.8885775388111314,0.985482812083384,1.3570947376496652,0.9981065044604076
2025-03-11,1.1662835194415129,1.000626068266208,1.1812560333490225,1.1761205412351292,1.1680145928984078,1.1748421837639378,0.8892554401564966,0.9614376377886611,1.3512226998910009,0.9745376452022749
2025-03-12,1.145898488478929,0.9914692320521874,1.1907695281791235,1.1547764778732863,1.1616938650661113,1.1566506467895679,0.8958468079821937,0.9510797461419177,1.3166073246976149,0.9742697398771938
2025-03-13,1.107346219544735,0.9975738940296643,1.1665409971388887,1.1557693030447822,1.1478799481359812,1.1513585419043206,0.8853285682148772,0.9470106101403841,1.3057901991974612,0.9701630640481698
2025-03-14,1.1274672410337614,1.0197191126070149,1.203439232240195,1.1544929253935945,1.184836013389163,1.1521916661936473,0.9082115383548751,0.9514495417135099,1.3189253569824104,0.9989993094185218
2025-03-17,1.1301608019407228,1.0307591696898941,1.225511786555396,1.1547053380795647,1.19243100301604,1.1681850367738709,0.9085388557189532,0.9636572574323373,1.351531723062899,1.0156046162846721
2025-03-18,1.123242441382037,1.0443319242356033,1.2264897239715558,1.1647038347480747,1.1977322895002807,1.1558567591229727,0.8964311386286288,0.9732753271502265,1.3226341130392674,1.0145332077765041
2025-03-19,1.136709273804636,1.0653732938568607,1.2388485430851222,1.1557693030447822,1.2188355551272203,1.1541907721218043,0.906481885065649,0.9695759867202851,1.3340696433787764,1.0303351533210052
2025-03-20,1.1306888208878376,1.0700491073276008,1.2507179780541535,1.1559818275857738,1.2183258344531922,1.1613543331225893,0.9041913118129378,0.9688362417199874,1.3260340849212657,1.0347096635443918
2025-03-21,1.1527110508257503,1.0699192120088066,1.2561863681174121,1.1603074849801067,1.2316809309738161,1.144028225256928,0.9145223381495238,0.9721655557926667,1.3323095496823771,1.0311386565040923
2025-03-24,1.165702682397816,1.071672642060334,1.289439009843213,1.1578964499900661,1.2644572707437725,1.1486930673334452,0.9187763833894801,0.9669864945764601,1.355707957328753,1.0338169295169966
2025-03-25,1.1816517223316996,1.0776473042175534,1.3024200142882445,1.1417998412553523,1.2801061501880118,1.146360450112073,0.9236382419916924,0.9451609399254134,1.3134051228656904,1.040869712753287
2025-03-26,1.1699274820495407,1.090830477308343,1.2757021880068757,1.1467636315477683,1.279596349733005,1.1665187881952175,0.9115072582841591,0.9325834286349939,1.320378100486187,1.0558680132532634
2025-03-27,1.1821797412788144,1.0822580132767017,1.242360365921969,1.1567620163612566,1.2647629116738401,1.1785140777078698,0.9129330048922573,0.9251849016322243,1.3268861093666,1.0524755388322993
2025-03-28,1.1507569432709317,1.0786214668577787,1.2072403373288627,1.1608747017945114,1.2378997784960903,1.172350004276792,0.8853986561979863,0.9325834286349939,1.3194484020030595,1.0510472778776172
2025-03-31,1.1730961627976848,1.0864144544751915,1.2142865550499693,1.175978485357729,1.2503883738051604,1.1931747110026556,0.8774282910972205,0.9373925404224951,1.3603568082399502,1.0617602989985153
2025-04-01,1.1786942329605312,1.0943374419128615,1.219087892644573,1.0867022947281375,1.242028603714794,1.1973396785055768,0.8933224160314635,0.9077984324114168,1.3764720201087344,1.0627423348009375
2025-04-02,1.1823910136651408,1.0810891644104799,1.2516516022483974,1.1016644698340419,1.2530389372663018,1.188343244068273,0.8932056507481952,0.9137171616993646,1.3908829440898107,1.0594391621550003
2025-04-03,1.0730717303775483,1.013874241267126,1.136355730481999,1.1332904704890647,1.1657208099747927,1.2191640035898896,0.8720989391647118,0.8985502351936766,1.3521439139792308,1.0037308139498595
2025-04-04,0.9948582555089983,0.930488657202178,1.0465106038078074,1.0866316023545022,1.0784802297947493,1.165019556840657,0.8410820172747796,0.84971998774682,1.2890770167361871,0.9315064606535955
2025-04-07,0.9583129122262046,0.9101618685864838,1.0347298645220175,1.068052930691048,1.0998159771941287,1.1390303950421652,0.8364540494034568,0.8371424764564004,1.2989943183831338,0.9190079005471882
2025-04-08,0.9105715906364189,0.8892506032869472,1.0274168673570945,1.0636564690680586,1.112278883028001,1.1398633885427494,0.8287406255521776,0.8079183948025841,1.2673831359745587,0.8996349479623876
2025-04-09,1.0501516738070988,0.9483477482651711,1.1488922179196857,1.0705347699097452,1.2018786665343366,1.1653526757676451,0.9127226689100592,0.8319634921687503,1.3884035888034443,0.9445408314101654
2025-04-10,1.0056316890433377,0.876586802468408,1.0887213710621646,1.054367245091353,1.1647976642682376,1.1788473274236007,0.8913589440442186,0.7986701975848438,1.4040543099262237,0.8921357977123996
2025-04-11,1.0464548931024893,0.8808082435770265,1.0990351349843057,1.075924056704231,1.2114182377402962,1.1900092310694417,0.907954381006777,0.8105078869464091,1.4379896190440982,0.9207934395326974
2025-04-14,1.0695333229533333,0.8787949183864471,1.1202404656987275,1.094573532596342,1.2038276360672573,1.2070022200081145,0.906458474382699,0.8182762864493275,1.4678957965738475,0.9230252036704666
2025-04-15,1.0675265593206342,0.8737293667085925,1.1289316040652397,1.0893261898242346,1.1956728233116192,1.1971730536477114,0.901596759846228,0.8301139758108927,1.4561192174591655,0.9204363033633082
2025-04-16,1.0259640639280412,0.8790546045225723,1.1092821521159357,1.091382532540862,1.1776195047260658,1.1941741985723628,0.8685929552861006,0.8153169218053535,1.413041435095964,0.9301673596125032
2025-04-17,1.0402759048865957,0.8953551607629608,1.1324880863210487,1.1166266449399462,1.1896721767665666,1.216165148514541,0.8596407101259712,0.8190161083781817,1.4444976279245114,0.9545397220537228
2025-04-21,1.0201019032822867,0.868469181055473,1.114416808226639,1.1127265959027048,1.1744397540320513,1.2123334307273506,0.8393991853514539,0.8153169218053535,1.4319462204082098,0.9405233864254497
2025-04-22,1.054851917337409,0.8916535099324459,1.1558273756283652,1.1186121834279168,1.2082896266537404,1.2311590315250571,0.8573969582391602,0.8334432129550154,1.4697554325371425,0.9668598204715139
2025-04-23,1.0805181098833496,0.8876269640527504,1.1765435991558888,1.1018063020013984,1.2354209037014867,1.2211631095180464,0.8750909685114798,0.828264305595922,1.4714598399233698,0.9585571670384387
2025-04-24,1.1004279399954002,0.9031481483803734,1.2122416383373626,1.0986153019459184,1.2547050832291131,1.2081684632244294,0.9052662583411373,0.8426914871013123,1.4850960550013463,0.9698059278787805
2025-04-25,1.1052336577001718,0.9009400324623343,1.211108050729223,1.0961334627272212,1.2491148300393897,1.1980061779370381,0.9159014794903337,0.8478703944604057,1.4734742264696528,0.9692704009514936
2025-04-28,1.1097756089594377,0.9098371825402297,1.2145312471222374,1.1015936656053853,1.247422276572571,1.1960069412201388,0.9142886635172464,0.8526793523907936,1.4754887325144554,0.9698059278787806
2025-04-29,1.1154263352001648,0.904641996797239,1.2201325768512439,1.1055645188712835,1.2546025646712595,1.205336233006946,0.9210203513749031,0.8800540715438656,1.4881952491093045,0.9673956311216764
2025-04-30,1.1222389785563367,0.8836006271759815,1.2170872891538822,1.1084008266533505,1.2546025646712595,1.208668207009283,0.9238719886568408,0.9029894744810287,1.5069448058444832,0.9430231268190189
2025-05-01,1.126569495410575,0.8848993713609977,1.231046369493892,1.095282693433125,1.2662449231374096,1.1876768754255542,0.9943205683162998,0.8852329019744025,1.5094240416323301,0.9443622278601117
2025-05-02,1.0844789810708668,0.8994464975498587,1.25832004975267,1.107053644773506,1.2950685940900166,1.1936744547875093,1.0174138024056254,0.895220921120997,1.5301879849137916,0.9482012111562111
2025-05-05,1.0503628651840746,0.8799638717541324,1.2437830973031112,1.0991117145316665,1.2953250899370976,1.1945074482880937,1.0194941117090093,0.8830133592592828,1.5391755880776106,0.9219539370237363
2025-05-06,1.0483561015513756,0.8806133483481036,1.2211105142674035,1.0953533858067601,1.2783488145663473,1.1948405672150821,1.0128091731843822,0.8463906736741403,1.5270891493013925,0.934809633299533
2025-05-07,1.0364207509015915,0.8818471971244541,1.2268007473978793,1.1154210715174153,1.2790667635952373,1.2061692265075308,1.012902743883312,0.8430614365300175,1.5314277820554945,0.9339169702028567
2025-05-08,1.0429693037748555,0.8899648707881208,1.257430877259161,1.1037917286343477,1.2999922772012449,1.1856776387086556,1.0241689729791028,0.8497199877468194,1.509733901293866,0.9469512700287076
2025-05-09,1.0484616567351883,0.8993817066426564,1.2605427732682153,1.0935808192798675,1.297992088279887,1.174848853989803,1.0254777382053208,0.8399184434214314,1.5023558236916468,0.9580214982497142
2025-05-12,1.1146680066693357,0.9197082862554241,1.3144232197959351,1.0930136024654629,1.3337396312650804,1.1583557396247262,1.0500904336674157,0.8704541569653346,1.5028217484198878,0.9745376452022753
2025-05-13,1.125984445880648,0.9244490996362931,1.3421414170620587,1.0525945667094392,1.3489208346111585,1.148859561402569,1.0498098656363672,0.8621604892779285,1.4893078998260658,0.9772159182151796
2025-05-14,1.1228117146649748,0.9200331813046045,1.359456947004572,1.0378451398545696,1.3624097238333546,1.1521916661936484,1.0586919507805168,0.8301168990960432,1.5040642940275437,0.9684669686991257
2025-05-15,1.1181582135299528,0.9238645184509872,1.3690148935354076,1.06089107736967,1.3718975969650038,1.193008086144791,1.0610804167043948,0.851981995025184,1.4966084228890115,0.9782876104462231
2025-05-16,1.1171534545546433,0.9228255649035596,1.3759723463338638,1.0730876370671425,1.3722567709318958,1.199505278502857,1.0637499548894156,0.8606525357113899,1.5259658632163802,0.9747737026345947
2025-05-19,1.1040390938164408,0.910336386030077,1.3610127565302808,1.081313231643695,1.3585116252055554,1.198339296864027,1.0745215342626877,0.8670612229763442,1.5241020448048967,0.9592767591811312
2025-05-20,1.093886029888884,0.9023169437418461,1.3481651071874527,1.089609742303926,1.3626147609490615,1.1943409542189711,1.0728824262918255,0.886664388555677,1.5191315038787152,0.9455818106399492
2025-05-21,1.0686620673877882,0.8910764528524927,1.3191356539890697,1.086205993997411,1.3388172118845574,1.1970064287898468,1.0597690582948343,0.8685691765428829,1.4978512074937067,0.9339592449112892
2025-05-22,1.064801728804347,0.8893016000010031,1.3297381462477575,1.0821641127928128,1.3369195415210529,1.1851777641350598,1.065131545347826,0.8685691765428829,1.490084520705481,0.9277424511273169
2025-05-23,1.0325975146007182,0.8975183410518113,1.3304270783697334,1.0845041198441534,1.337124498855781,1.1956735607156666,1.0541725364452115,0.8791246976515404,1.4964531943119443,0.928282943204923
2025-05-27,1.0587205188746096,0.9059980077841049,1.3686369848397546,1.0960185876200639,1.3606144922467247,1.1958401855735319,1.0787833590526703,0.8900571686875542,1.5157142047113628,0.9326977420766138
2025-05-28,1.059830995052433,0.8941003071925011,1.352432885894423,1.090153916983886,1.3513825564953044,1.18534465057041,1.0709856567427707,0.8738469370972117,1.5104329676340074,0.919993979400585
2025-05-29,1.057345628176476,0.9065237546456124,1.344475339068849,1.0983787285752877,1.35589608559414,1.1910088494278916,1.0740767312866353,0.8840255082785129,1.5082582140743108,0.9252196582501229
2025-05-30,1.0621049275233623,0.8985701482792161,1.3413254998635291,1.1100362589237922,1.3539984152306355,1.2011713962927677,1.0780105904167043,0.885533384916495,1.533421853853432,0.921705892299932
2025-06-02,1.0665997313405877,0.906063634703013,1.3374609714759944,1.1113949618708587,1.3573832030403572,1.1995052785028568,1.0817807908647343,0.8844023812773127,1.549731489813739,0.9284632490922292
2025-06-03,1.0749019746353223,0.9173040210909033,1.348876195920386,1.1043862380740161,1.3656406939158068,1.185511275428275,1.0841224354227121,0.880255701290723,1.5529934409055044,0.9352205349538076
2025-06-04,1.0725222439525286,0.9029742579455597,1.338555646536139,1.0958039378336621,1.3551266778338762,1.1890097434997349,1.0862299011183183,0.8817635779287051,1.5432075876302083,0.9217058922999319
2025-06-05,1.0609414712302565,0.8998846721851799,1.353455551968954,1.0989508670106418,1.343484399148705,1.1813461771366114,1.0951516763741773,0.8715850836759607,1.5216168340910654,0.9174712574541097
2025-06-06,1.0783391203713064,0.9216425038383386,1.3715944769661947,1.1087488076254686,1.362871177015164,1.1886764937840042,1.101474145493866,0.8802557012907231,1.5140054953784265,0.9394550988689109
2025-06-09,1.065277658739036,0.9252576274572994,1.370522235474645,1.1101792096413645,1.3680511964115156,1.1956735607156663,1.1070239900433294,0.9036285969292893,1.5136947992272527,0.9457620455965364
2025-06-10,1.0717290814009481,0.9422825878407948,1.3735378887048504,1.118904460599291,1.3775907676174752,1.2053362330069466,1.102738682537526,0.9160690984603984,1.5116756327401824,0.9660342578348659
2025-06-11,1.051158539025524,0.9516822854553608,1.394312896490822,1.1103937475727448,1.3752827038986413,1.2006713909304294,1.1067195070992366,0.9228547356527091,1.4880653542184101,0.9848648032126515
2025-06-12,1.053379572390521,0.9529312869438796,1.3964127892943685,1.120406337973973,1.375744316642408,1.2035036211479129,1.1213549296523395,0.9364261638944438,1.4729983833642784,0.9886488861323641
2025-06-13,1.0388374218482526,0.9591101449602495,1.370566825654198,1.1235531552959312,1.3588706396104901,1.191590990120481,1.1121990475669794,0.9251167429310736,1.4669405254075083,1.0101824593439312
2025-06-16,1.04925490029612,0.9598989220047056,1.4025334145927038,1.1101077342825785,1.3866173471292729,1.183201938603057,1.121987234190605,0.9198389054481882,1.4646104237722248,1.0134259792553189
2025-06-17,1.0345540524360548,0.9784357050567419,1.3953629813714137,1.0897965401899554,1.38230917427006,1.168101724344939,1.1194114107702553,0.9047596005684714,1.463989150968397,1.0271208568657821
2025-06-18,1.0395248671973194,0.9740973268107698,1.4190417515022526,1.0779959472688572,1.405080899508198,1.1612226288589553,1.1245629855780843,0.9002357398688554,1.4770368358369388,1.01982293706516
2025-06-20,1.0628980900749432,0.9830370089841994,1.4314620552112278,1.0712733486172024,1.4104148961937768,1.1550144796216761,1.117912766897094,0.903628596929289,1.4930360146431116,1.03342766173197
2025-06-23,1.0655420732593464,0.9653548388984539,1.4450440577284958,1.0822155661027373,1.42718613444882,1.170114955457279,1.1380509965351484,0.9058905272790969,1.5202188209093033,1.0067585626145183
2025-06-24,1.0591964488092986,0.9435971117467583,1.4790658108121766,1.0884376135328457,1.4425209959602099,1.1780007318938037,1.1476752363452523,0.9164460483877543,1.5222381068948934,0.9761251456207665
2025-06-25,1.0658593058762384,0.9414937062948753,1.4964005893104595,1.0890813391820076,1.4568817317195446,1.168269395512744,1.1527332404541513,0.9145611448938593,1.510743663785181,0.9763954625902883
2025-06-26,1.0628980900749434,0.9494474171627348,1.535024270490122,1.0871502740895438,1.4809356968501508,1.165584956574215,1.164863215701496,0.9138072450391466,1.4914825338872428,0.9909914440529706
2025-06-27,1.0633212019130505,0.9451748748385972,1.5431776263650374,1.0900110781213357,1.4725243882474317,1.1800140937948862,1.1613272661487084,0.911922264616695,1.5108988923622482,0.9854954482339109
2025-06-30,1.0849492403510153,0.9412307806133898,1.5810194561355184,1.0924428062903675,1.4868851240067662,1.1870608604486745,1.1647695729696954,0.9138072450391467,1.5188208077275411,0.971259865753685
2025-07-01,1.0989625618526628,0.9568753811690868,1.578137850401609,1.115114029483193,1.4894494442297446,1.2024970709861142,1.1522182054292485,0.9439657778700237,1.52596586321638,0.9842339453992357
2025-07-02,1.1233933618021779,0.9727168624815082,1.5992032482699492,1.1125392387415673,1.497604177204404,1.1897455609646883,1.149970203603071,0.9545213759072377,1.5161801294396036,1.000541910691984
2025-07-03,1.129263056317537,0.9752803878759908,1.6166050505163803,1.1157576432773333,1.5254330591314276,1.197127931531571,1.1681181650260113,0.956783229328489,1.5278299206249026,1.0109031154474062
2025-07-07,1.1102260209486925,0.9689043355985067,1.5881231425662976,1.1104653347865527,1.5046644747108657,1.1914234497414184,1.1654954482068907,0.9515054687741603,1.543207587630208,1.00108240276959
2025-07-08,1.1105434155842857,1.0072924256085432,1.5576310760870482,1.1141841786888436,1.4573039326597477,1.178504006974703,1.1629195527536702,0.9658308737991644,1.508102985497243,1.0288326988344105
2025-07-09,1.1165189083115092,1.0058464388618367,1.5560225061314958,1.1176887083697973,1.4592623961291542,1.165752758530762,1.1790536912128051,0.9635689434493564,1.5037535978763694,1.0253189328842198
2025-07-10,1.1232347454937317,1.013405761207468,1.5840798380240957,1.127772774129812,1.485184193537166,1.1706182305381785,1.174300170047999,0.9718626111367625,1.473464308092519,1.0355000445444924
2025-07-11,1.1166246255140229,1.0208991431298018,1.5747646448620691,1.1221226414250145,1.4783300500801158,1.1722962501036513,1.1786088162038821,0.9669617235812337,1.4663190136066406,1.0400049254291177
2025-07-14,1.1031929511495777,0.9968409207665723,1.5934174647547175,1.1215506148446819,1.4878126576671593,1.1655849565742151,1.1779062796167665,0.9556523026178635,1.4877545385687163,1.02640005890087
2025-07-15,1.10578419724675,0.9905305999094596,1.5693141185663955,1.109750133778605,1.4767326753210943,1.1637392658409376,1.1844629275988268,0.9277555462796813,1.4816966806119463,1.0173001441879663
2025-07-16,1.1113365781358664,0.9854690715379393,1.5834097390214341,1.1784792280750729,1.4729706830432547,1.1622291790207546,1.1839945698740828,0.9277555462796813,1.47796880479194,1.0111734324169284
2025-07-17,1.1105962336808672,0.9950661724165458,1.5767529237379145,1.1656059454970742,1.493996800463623,1.1843765522988883,1.1982320108170335,0.9266246195690556,1.4770368358369383,1.0060379065110439
2025-07-18,1.116730342716537,0.9862579530838587,1.5821588598540353,1.1707553032702824,1.5010570979700844,1.1719605154018145,1.1943682396700734,0.922477708796796,1.4764156825316301,0.9709896197148823
2025-07-21,1.1236048772165563,0.9838914129475637,1.5771103375684312,1.175475473325709,1.4995109425995001,1.175651766079627,1.1943915783201529,0.9145611448938595,1.4860460682328196,0.9735124125920763
2025-07-22,1.1337578601347627,0.9862579530838587,1.5646228716324897,1.2010075005503262,1.5018817141677292,1.168772801382386,1.183175051905087,0.9477356617863706,1.4888418555993046,0.9779271405330484
2025-07-23,1.1324359495519116,1.0065035440626235,1.6028444103232637,1.2093751510042787,1.529349826508283,1.1603837498649618,1.1845800530464479,0.95602925254522,1.4862014163084065,0.9904508101139273
2025-07-24,1.1303735324953605,1.024317281490575,1.6065527346035444,1.212665030898831,1.528267517748874,1.1593768073369357,1.1963117585521579,0.9556523026178636,1.5004917662831236,0.9981992818406592
2025-07-25,1.1310081597478459,1.017809661870885,1.6284442971029818,1.2036537666507383,1.5389353515580744,1.1605514210327665,1.2029387826488098,0.9506670244357407,1.5140054953784259,0.9946855158904684
2025-07-28,1.1319072015206415,1.0272751954072854,1.6165380267682328,1.1887779436214896,1.537183042138079,1.1424309023455401,1.2001052976502675,0.9322595594116937,1.516180129439603,1.0040556766421753
2025-07-29,1.1172063536605765,1.0322051564365997,1.6351459795236913,1.2022948399936286,1.530792745292204,1.1640747389652895,1.200269244463789,0.9318759936284694,1.5273639958966612,1.0170297562877262
2025-07-30,1.1054668026111572,1.0093959355618891,1.6323982828072596,1.1962157432810925,1.544140262619835,1.1535046543789782,1.2018381203858006,0.9130851166783113,1.5158695527869488,1.0082002294750634
2025-07-31,1.097640570260462,0.9967751893462007,1.616403979271937,1.1781931029298855,1.5266698238659373,1.1390751247920796,1.2492801935321554,0.8931437731641502,1.5219275302422386,1.005857671554457
2025-08-01,1.0701955743943692,0.9951975307558251,1.5850850557674976,1.1967165182126818,1.491265418870882,1.1553502143235133,1.2272921597766877,0.9008135502575031,1.5298492066104923,0.9878380061545183
2025-08-04,1.07532500546408,0.9928310951209933,1.6218546440464288,1.2232496478803918,1.5164659962298699,1.1570278415227586,1.254291520340895,0.9023475056761737,1.5469354634502142,0.9673856298903202
2025-08-05,1.0730510729931506,1.0059776926996526,1.6104171245122603,1.2211042685665912,1.5015723235316547,1.158538059131684,1.2358156652909118,0.9491329920885135,1.5425861953278603,0.9662142799992981
2025-08-06,1.127676650205026,1.0042686757699977,1.6189727613548823,1.2200313551996476,1.5014692465069492,1.1662559028229191,1.2292356066259014,0.917686982934323,1.605495115527884,0.9596372290943073
2025-08-07,1.1635296065683671,1.0067666787470353,1.6078034752921246,1.2267541775613455,1.4787425177408962,1.1816921133603588,1.2196349215644886,0.9291915716457959,1.6017672397078777,0.9545917142706382
2025-08-08,1.2128142372961535,1.0189272005186611,1.6112214094900366,1.2396273482843227,1.4881220483032338,1.180181764962691,1.2224449238472104,0.9426137584877202,1.6112422773334805,0.9622500330537166
2025-08-11,1.2027025691467457,1.008672785436341,1.6066866436210216,1.2431318779652765,1.4922446506055853,1.1870608604486745,1.221812619308945,0.9426137584877202,1.6143489998481786,0.953510588253988
2025-08-12,1.2157788554901732,1.0151804050560311,1.6606122342435683,1.2356938545956304,1.5091997042359548,1.1863899141999703,1.23930493754354,0.9452981804703937,1.6095339264961035,0.956213403295613
2025-08-13,1.2352610372404838,1.0245801026705972,1.6635385686358493,1.2474229721579426,1.4972435671798923,1.1821952576525159,1.2190260997420437,0.964856035129887,1.5686816845634635,0.9694579417721234
2025-08-14,1.2323492371430458,1.0199132763256948,1.669145575996414,1.249568463326765,1.5159507706682995,1.1669272414378506,1.2234749938970155,0.9629386677851054,1.5665071700008062,0.9674757828339733
2025-08-15,1.2260493019667282,1.0290500482587754,1.6323313975379299,1.2633000094853057,1.4970372535685232,1.1731349983089026,1.2180659015767352,0.9640890574205517,1.55693199261571,0.9683851146495783
2025-08-18,1.2223435292242035,1.0209649790516364,1.6328674490442954,1.2605107926673216,1.5023969397293,1.1598802132065773,1.210876877023539,0.9614046354378781,1.567830496607767,0.970476648756189
2025-08-19,1.220596481569481,1.010264029216937,1.611467209392852,1.2715960727254503,1.497913567840479,1.1766584470301678,1.193712596481728,0.9709917798760127,1.5770164673142582,0.9768421842575813
2025-08-20,1.196508513191643,1.018372820256229,1.6099033680956711,1.2790340960950963,1.5060558549824339,1.1862221122434229,1.184228748736454,0.9732927130040185,1.5969452354416607,0.9869361929951109
2025-08-21,1.190632175909536,1.0338591010951332,1.5993372957662455,1.2796777098892365,1.5020877086551832,1.1855510352059762,1.1827041730298709,0.9870983117720539,1.5251707200664135,0.9933017994272221
2025-08-22,1.205773147571331,1.0513393743539192,1.6572837573623995,1.2822523887758404,1.5266698238659373,1.1766584470301678,1.1897172933130236,0.992467155737401,1.5075773115091604,1.0119438109543153
2025-08-25,1.2025966899255307,1.0514721957136839,1.6503587086074696,1.2759588659869456,1.519764301458492,1.1565246972306016,1.1827511384615124,0.9640890574205516,1.4957446875887472,1.0161268791675364
2025-08-26,1.2139789087295183,1.0458892050406485,1.6730548330423203,1.2714921594104074,1.5386774994343528,1.1531690504658836,1.1775440983433092,0.9556523026178633,1.4954332744464554,1.0138534786978048
2025-08-27,1.2202259447999038,1.0583846540019248,1.6746631260402358,1.27365331028225,1.5423365742494444,1.1548468084538714,1.1885680088623485,0.9614046354378779,1.4959002746613737,1.025311556089461
2025-08-28,1.2311846467190315,1.0589163574468363,1.6781256504177007,1.2639995507902329,1.551561329712766,1.1469611628060892,1.1953700008017263,0.9433806592684986,1.4963673943748115,1.0307676179138106
2025-08-29,1.2289611020641662,1.067423821568349,1.6737013906458391,1.2763909619352882,1.5533651776451143,1.1575312473924007,1.1884506673161155,0.9495165578717375,1.5099127905778298,1.0393157625648115
2025-09-02,1.2161495542784515,1.0755989710367917,1.6413614628126907,1.2828028273370087,1.5445010322063044,1.158705730299489,1.1847682029044955,0.9579532357458692,1.5234579477838086,1.0429532316886696
2025-09-03,1.2624724831488392,1.0505417146850884,1.6407101969293434,1.2823706195336444,1.5435219600335588,1.1575312473924004,1.1853077291054077,0.9506670244357406,1.5482132611211759,1.0176728851155028
2025-09-04,1.2694076126430962,1.0480825862523722,1.6818986443062154,1.2878459228397208,1.5657334632380415,1.1451154720728116,1.1914529973633814,0.9410798030690494,1.571411508747084,1.0221287528734055
2025-09-05,1.2689311156429535,1.0212971892032428,1.6578908485026498,1.2854684443561526,1.5170844583781034,1.1402497384879104,1.1610315712148298,0.9541183471991928,1.5648724302515535,0.9933017994272223
2025-09-08,1.259348924608971,1.0235570333455803,1.6660655301156122,1.2833071816292883,1.5095087757481138,1.131357150312102,1.1685372522672532,0.9414632149951604,1.5924299838754685,0.9989397985454115
2025-09-09,1.2406609585317987,1.029206591450693,1.7156309766592572,1.274878234623513,1.5349672052308236,1.13857184971118,1.1690298130365238,0.9475990366698427,1.5925858099451342,1.0062148077238466
2025-09-10,1.200637883828378,1.0487471110570485,1.7283423628446932,1.2664490639076946,1.5488299481200247,1.1379007726737334,1.1736270228720935,0.9422301927044956,1.5633154840386139,1.0230380846890106
2025-09-11,1.2177906417026083,1.0518045103667537,1.7623666085471068,1.2859727986484326,1.5747005261395992,1.1345451259090154,1.175128259928597,0.9533513694898573,1.5981907685123087,1.0197643482913945
2025-09-12,1.2391786494347887,1.0442276317752996,1.7518786382713083,1.2828028273370087,1.581657746621355,1.1243102528695712,1.1959798310843595,0.9153860498063169,1.6112689255033696,1.0199462855852344
2025-09-15,1.2531018885385856,1.0455568903875787,1.7669257466881754,1.278047982224894,1.5919129532078173,1.1194073752818179,1.2087863390525275,0.9192209383529935,1.6143828179292488,1.021674016034884
2025-09-16,1.2607783346000487,1.0603784374188803,1.7641633712169837,1.2712759436537031,1.5934075700660486,1.1199145740249905,1.1939626946085056,0.91653651637032,1.610179099003868,1.042862298507109
2025-09-17,1.2652254239097795,1.0640341076055742,1.7836794680640842,1.2766071776919914,1.6066006314185788,1.1334400918241612,1.196261263509855,0.9222888491903346,1.6234128430675552,1.0484094353744566
2025-09-18,1.2593489246089713,1.0557260322759034,1.8063398649637652,1.2547060763227071,1.614227852560921,1.1236340750711695,1.1925788711311056,0.9261236608084544,1.6129815782874555,1.0360420261671954
2025-09-19,1.2996896369760371,1.0382457590171172,1.8078894429426422,1.269330784828521,1.6222156837277752,1.123126876327997,1.2148143377971383,0.9215218714809992,1.5932086362297184,1.0259480883603846
2025-09-22,1.3557006361016222,1.037182352127294,1.8091471075721468,1.2550662494921774,1.6101564696470068,1.1194073752818177,1.2066520050961815,0.9219053603356667,1.6008375412247506,1.0186731501126685
2025-09-23,1.3469654788373597,1.046287878122869,1.8108539974888256,1.2721404711154531,1.6117024654556331,1.1278609056492634,1.1944084340118757,0.9253567600276756,1.596166702585932,1.0362238215995976
2025-09-24,1.3357421193698698,1.0579857719167778,1.7796594279633882,1.2729330757983308,1.6152070842956243,1.1234649652271977,1.1965661786511714,0.9238228046090051,1.5994363015829571,1.0417709584669452
2025-09-25,1.3598829058442892,1.0682212722342532,1.7848922655563992,1.2804253488534405,1.6153616998326827,1.1155188951804094,1.1892481432267021,0.905031927658847,1.6044185533640676,1.051137430821272
2025-09-26,1.352418380243957,1.0644993481198717,1.8022975297732926,1.2946899960448055,1.6288119750611036,1.110277536327228,1.1996388127801583,0.9111677493335294,1.6061310866496334,1.0659602487228235
2025-09-29,1.3469654788373593,1.0375146667803636,1.8059130732451867,1.308450288943891,1.6269053692279654,1.116533161878012,1.207003597537657,0.9146190720969817,1.6048856730775054,1.0386792302938879
2025-09-30,1.34802435205886,1.0321308558962436,1.7884629418911033,1.3358268054742735,1.6255653679067925,1.1212670604105361,1.2148613032287796,0.9771276784792516,1.6045741404366938,1.025311556089461
2025-10-01,1.3523654001286745,1.0274119878226529,1.7641183656009758,1.3403655466847058,1.6012409452578025,1.1290444129795802,1.2189893629780288,1.0434710195510848,1.5874478515928785,1.018400279637268
2025-10-02,1.3612594167294345,1.0193696597139748,1.7503514938610267,1.339861192392426,1.5849558922880194,1.1175475593643571,1.2096776737935266,1.0384856644404052,1.5833999587371632,1.0120347441358757
2025-10-03,1.3659710825781768,1.0205660969664891,1.7741571105896004,1.3590247539636937,1.597736645541727,1.1268463773741761,1.213453780936947,1.0496069181543237,1.5891606238754836,1.0299492902104848
2025-10-06,1.3589299928533543,1.023689959206808,1.789428970128873,1.3555666441166934,1.6011026050404344,1.1175475593643571,1.2397707020849404,1.0135590427441215,1.5989691818695195,1.038497293000048
2025-10-07,1.3578183825446228,1.0296053690343765,1.7734161104318729,1.3608257316660661,1.5933865078876261,1.1292133920348095,1.2290046692427057,1.0074232210694392,1.6073766197202812,1.0390429630201299
2025-10-08,1.366183003039308,1.0218289971496175,1.7439059972545192,1.3665891735077187,1.5744331002984127,1.1178857790523005,1.2310452164015095,0.9847973786440479,1.6020831937939182,1.0368604248012399
2025-10-09,1.3449007125096413,1.0078713637148342,1.751654025627721,1.376603329879249,1.5822008955255316,1.122112478841652,1.225298866181006,0.9679239459672281,1.5844896657381453,1.026766557925148
2025-10-10,1.2984719854273892,0.9896598937178314,1.7166191615079844,1.374009747493999,1.5581726198701227,1.1334400918241612,1.1984660456136622,0.9502834586525163,1.585579492237647,1.0069423441070493
2025-10-13,1.3111248358953072,1.009865251633253,1.7669706138253651,1.3753064827591133,1.5948366069596454,1.1293825018787813,1.205713632890669,0.948366014379178,1.5899390372326936,1.0206736801069993
2025-10-14,1.3117071311073145,1.0128561880123441,1.7309924319940908,1.374946309589643,1.5643349026783746,1.1413864234484346,1.2045879031886855,0.940312825359714,1.6691867510318272,1.0211284169455206
2025-10-15,1.3200187714867169,1.01099512145369,1.7246366696619635,1.377251753439317,1.58302950077212,1.1341164004113056,1.2042595053315481,0.9353274702490346,1.6975230765085114,1.0149446768765304
2025-10-16,1.3100130635678746,1.008336604229132,1.7025379428500687,1.3840957147893802,1.5460028293526347,1.1427389098339804,1.199990621320245,0.9291915716457957,1.657665540253706,1.0061238036115667
2025-10-17,1.335636159139304,1.0174423392276333,1.6860984299133082,1.3920206430679403,1.5409279612864395,1.1571098460642668,1.2046113859045062,0.9399292595764898,1.6772828952388168,1.020673680106999
2025-10-20,1.3883120033012923,1.0267473585165132,1.7142834392765534,1.3956225984726855,1.5657848421884368,1.1571098460642668,1.2121403335741385,0.9468320589605074,1.6666958043890514,1.024856819250939
2025-10-21,1.3911176811494634,1.022161311802687,1.7045366076373005,1.3823667717209016,1.5384940031829417,1.2041110040677925,1.2141810247986835,0.9529678806351898,1.6537732344706169,1.0249477524324997
2025-10-22,1.368247607348325,1.0339920269563607,1.672241546941342,1.3900033377538425,1.523061808877325,1.1971790699298641,1.2209362674050315,0.9479824485959537,1.6680969245323254,1.0431350980517902
2025-10-23,1.374229661832946,1.0405719615886055,1.6861210019607213,1.3866172625407365,1.5252888151216226,1.1824703063778617,1.2209830887709316,0.9460650812511721,1.6637376185343182,1.0546840376942879
2025-10-24,1.3913827437445787,1.033925564025747,1.7604576780342542,1.3717041917893034,1.555842217477204,1.1785815646989684,1.2281368172175262,0.9495165578717375,1.6529947016148874,1.04931883812078
2025-10-27,1.423094016049896,1.032064497467093,1.7741795441581947,1.3709838454503631,1.5750544345618858,1.1844989705618092,1.2466900355705508,0.9498999697978485,1.626526974490474,1.0543203758987647
2025-10-28,1.424099828146763,1.0244210514435617,1.7788959942370652,1.3467052655975107,1.5813204326426746,1.1861898074240407,1.2714351994817081,0.9395458476503786,1.6062867932207794,1.0460450307924454
2025-10-29,1.4278056818986382,1.0308681647160416,1.7586161867060055,1.3443277871139425,1.5820973398149527,1.1555881190460067,1.2702155389164418,0.9314926586309146,1.5952324631590566,1.0589580390890698
2025-10-30,1.436805496711263,1.0203668126761103,1.7745614687395834,1.3619783976633923,1.6024491484018752,1.166239554230114,1.2331798384893373,0.9314926586309146,1.5916516900167792,1.0429532316886694
2025-10-31,1.4313527573233664,1.0482819750442138,1.7727872781171197,1.360681662398278,1.611148945024204,1.1648869370558257,1.214532833338771,0.9452981804703932,1.5753038145301739,1.0399523657664538
2025-11-03,1.4243644046857749,1.0238227805665727,1.7641409376483883,1.341878385851502,1.6019830679232916,1.1491636452287357,1.2127034865566126,0.9456816693250607,1.5816871864545583,1.0344961620806667
2025-11-04,1.4296057096686439,1.0195026900766657,1.7760661795812702,1.3462010231602524,1.6014651298084397,1.1608294778991881,1.206370572670685,0.9318759936284687,1.5922743968028434,1.0379516229799661
2025-11-05,1.4301351867840695,1.0146507916403837,1.781141843715298,1.3400052616602138,1.6140489836062855,1.1582933533945832,1.1895531304008888,0.943764301980279,1.5798189465978467,1.0337686256974639
2025-11-06,1.4281762186682159,1.0165117536975745,1.7687672380164239,1.3469935159881083,1.623059766484266,1.16759204061566,1.1659571789075358,0.9529678806351894,1.5830885455948716,1.041225430308301
2025-11-07,1.421293988279891,1.0303364612711299,1.7659824289766375,1.3441119069223035,1.6271506159570253,1.1927835218740257,1.1653004552261317,0.9533581392028381,1.5972565290854341,1.0659602487228235
2025-11-10,1.4277590205127015,1.0345237304012722,1.790372149361592,1.3573677336740875,1.6410291554800436,1.1922760615533683,1.1868323048119895,0.9517971818607998,1.5946097563729928,1.07505385060175
2025-11-11,1.4586002523927324,1.0384451478089587,1.819814823354342,1.3964152031555634,1.6344523307055605,1.2107047185177773,1.1931182532662759,0.9955041412949871,1.6104905121461608,1.0892400653016592
2025-11-12,1.449167685629281,1.0190374495623677,1.8841801936238536,1.400449590073716,1.6592576730952049,1.209014012444288,1.1988883743340826,1.009552834301889,1.6104905121461608,1.074144518786145
2025-11-13,1.4464122335784726,1.0340583853855112,1.809012367681758,1.4066453515737545,1.6026562598230327,1.2015750103519298,1.1804759082102412,1.0064309196178123,1.5964782352267441,1.0802372547428556
2025-11-14,1.4435504972596962,1.0476172412366107,1.776245786608849,1.411544265953657,1.5722579516903832,1.2030966065814475,1.196636482732892,0.9779432750363598,1.5955439957998685,1.094272316080904
2025-11-17,1.4173195075214748,1.0290072026588506,1.74177245409808,1.437840039265586,1.5554795331472413,1.194981295901945,1.1903271235956556,0.9787237921716572,1.602861368154089,1.0795034055256754
2025-11-18,1.4172137093096104,1.0324347461513146,1.74343433839875,1.4408659413092217,1.550508220791625,1.2041110040677925,1.1581935481454375,0.9931627437462078,1.5785732940286794,1.0918871997289898
2025-11-19,1.423148616352191,1.0195310099732007,1.7651964232029014,1.4589487596620356,1.570497345048585,1.2022513189390742,1.142548873042137,0.9709189285329088,1.5664292569659746,1.0764762243067676
2025-11-20,1.4109076174226485,1.0101891016678006,1.7375951020595815,1.4629831465801881,1.5451743836680039,1.2039420250125634,1.1242665703154981,0.952187363499892,1.667629924317408,1.07344904308786
2025-11-21,1.4386751925227719,1.0079713716151444,1.7383362406961271,1.4689626923235228,1.5433100617536688,1.2333599444827958,1.10943867593211,0.977162834829619,1.6397608380526814,1.0739994654661045
2025-11-24,1.4621507302101848,1.0064255859710538,1.7757966998004933,1.4844521520011298,1.54320650604309,1.2272734287759834,1.1138565239198464,0.9841871813330699,1.6201434830675705,1.0638172189143305
2025-11-25,1.4677149384644868,0.9982262966646049,1.8018707380547128,1.4983721738710236,1.5690991036128337,1.227611779252669,1.1208826821525804,1.0036991865728278,1.6659171520348026,1.0504242933739945
2025-11-26,1.470788271206992,1.0048126058861067,1.8326159438141576,1.5048247545005975,1.593127698392158,1.2321765679412215,1.1408805197258045,1.003308928005179,1.6986129030080135,1.0528093387951898
2025-11-28,1.477677306380766,1.015700195334134,1.8551416008234498,1.5001847844956402,1.621298840718552,1.2362341578866016,1.1561784285899606,1.0044796267795686,1.7205657370617935,1.063358509955554
2025-12-01,1.5001988779556867,1.0251762835183207,1.8210500544152513,1.488729599881164,1.5997562212409513,1.2249971815026017,1.1437943213750834,0.986138397242757,1.7364463733364415,1.069871510421427
2025-12-02,1.5165732979894935,1.009785935022661,1.839895775302053,1.48930968002305,1.5943705264810617,1.2032043765052163,1.1514550891979423,0.9814554482880853,1.750147356612086,1.058404992274228
2025-12-03,1.5057629241912873,1.018791662120852,1.8881044063821562,1.488657117827184,1.6163793859992037,1.2055878705473968,1.1226216997149863,0.9978455388437665,1.7812860418738377,1.0806041793514454
2025-12-04,1.4874807339511966,1.0232945256699475,1.8909480689198,1.4679943634017518,1.6369383060072837,1.1994587177105498,1.1299299386690518,1.0029186694375303,1.7879807074419944,1.0745498169136303
2025-12-05,1.4773062835550852,1.0081057604968575,1.9287069498780067,1.464006843737639,1.6314490555368153,1.191797113178563,1.1353816744487368,1.0157966636700426,1.792184545865895,1.0690460187154975
2025-12-08,1.4725900811827102,0.9994361101044127,1.9560839353353765,1.4617593407891405,1.632329199295757,1.1960536328011901,1.1538519829676828,1.005650402482515,1.7680519393145917,1.0639089323337982
2025-12-09,1.4688275208854253,0.9979576234026419,1.9784053360873999,1.4497242997428217,1.5562047422452088,1.19332943408496,1.1562018392729108,0.9884797947915365,1.7914058935116457,1.084732134396123
2025-12-10,1.4773062835550854,1.0175819531825074,2.0069783631000475,1.497429683459236,1.6059185040492034,1.1953724850305756,1.1245721337526502,1.006040661050164,1.7621358066021648,1.096565577151912
2025-12-11,1.4733319648153704,1.012944700751699,2.0561575922189306,1.5225874437816649,1.64356666929412,1.1766443218459848,1.1361101428692744,1.0068211012569048,1.7985677982917598,1.096565577151912
2025-12-12,1.4746567917348425,1.008038566056001,2.004089556467577,1.533970034487139,1.6494703021688617,1.2006504647316396,1.1245016135723174,1.008772317166592,1.8206433573252534,1.0899608632665714
2025-12-15,1.4525590610821844,1.0067616626768,2.0077683847595194,1.5527478080889958,1.6572379378340227,1.2083120692636267,1.1157834752416893,1.0314063140189833,1.8220475844300392,1.080237325673574
2025-12-16,1.4552087149211281,0.9862633871599462,1.984205659878573,1.5174399875438234,1.6340899654995131,1.1980966837468057,1.1194728548088884,0.9962846584302852,1.8006740791996787,1.0519837761585416
2025-12-17,1.440529982613773,1.0048799048284267,1.9688131852883977,1.524907540639165,1.631138228843121,1.203204376505216,1.118838317251634,0.9771628348296195,1.8044184458154011,1.0770267176157309
2025-12-18,1.442384772704774,0.9925810231194849,1.977773318759822,1.510262362664403,1.6208846178762364,1.197926396804152,1.13730862577058,0.9771628348296195,1.7914694667241169,1.0690460187154975
2025-12-19,1.4502276119723394,0.9929840852631611,2.0165478033728177,1.4961971529765055,1.6426862064112628,1.1928187040457416,1.1418674420861117,0.9830164825586808,1.7841369180578965,1.0704219327996713
2025-12-22,1.4359197404719637,1.0067616626768,2.0290063272356953,1.5030848496400044,1.6731362126182232,1.1953724850305756,1.1395175857808837,0.983796845836865,1.756679145697916,1.0838148583400073
2025-12-23,1.4432855966832827,1.0115333039893215,2.0351226596906575,1.4919197050964714,1.6878431978258723,1.1895839060790356,1.144052847347724,0.9709189285329094,1.7301572857440868,1.0954648033261418
2025-12-24,1.4509693335862983,1.0114662140499282,2.0555932910335932,1.506419807108251,1.704621775930972,1.193670007970267,1.1468021979533873,0.9767726531905272,1.7412340815275098,1.0936301093524725
2025-12-26,1.4487966628036006,1.0082401493785706,2.0471521761738605,1.5053322407334813,1.6980968087927573,1.1895839060790356,1.1460737295328498,0.9791139738107499,1.7432622104035562,1.092621119876889
2025-12-29,1.4507045950285857,1.0147592641592158,2.01361385264552,1.5048247545005973,1.676554029753199,1.1945213118947924,1.1446403474404663,0.9756018774875811,1.7555869292280206,1.1056470498779158
2025-12-30,1.4471009750771493,1.02363049787423,1.9960997440772952,1.500112190586638,1.6748452807476688,1.192988990988395,1.1455332669046194,0.9752116189199324,1.7460704256160882,1.1098667183420614
2025-12-31,1.440635942844339,1.0243026512857223,1.983867079167371,1.5004022306575808,1.668630821179233,1.1902649230609075,1.1364626717380681,0.971699445668207,1.7381138556800872,1.103904140254433
2026-01-02,1.436131660933095,1.0477579002061177,2.063628109039883,1.5033022958019455,1.6855129549949113,1.1768146087886382,1.111365627253953,0.9826262239910322,1.7591753502755576,1.1250943378560667
2026-01-05,1.4162597431971184,1.1011876173290167,2.1405903435119416,1.4812620467858222,1.7298413411629319,1.1567242808515612,1.1111542107786956,0.9822358884948268,1.7583951444405523,1.1499537106128828
2026-01-06,1.3902936540353108,1.0520591804326433,2.1564566926189817,1.4847420802170508,1.7406090607576827,1.1550216730025102,1.124454648140676,0.992382226610911,1.7838247879244862,1.1104171407203058
2026-01-07,1.3795362603523875,1.0430534533344524,2.1238436845557755,1.5043173801227347,1.7009706792137675,1.1499139802440999,1.1361101428692746,0.9865285788818496,1.758551209507257,1.0869336820476636
2026-01-08,1.3727005293312986,1.0702722179515944,2.1098731104738313,1.4917021470795084,1.7155361329648935,1.1810709976225233,1.12351461917914,0.986918914378055,1.7640115748656162,1.1274793832772618
2026-01-09,1.374449197173033,1.089493590089247,2.11923940231988,1.4818421269277078,1.7124149415093726,1.2004803085777285,1.1262640418176737,0.9943334425205981,1.786789187702243,1.1430737855384197
2026-01-12,1.3791125814488265,1.0910391667304111,2.1430955638172016,1.5204849049411266,1.6879659009713808,1.2003100216350748,1.1213292139175277,0.9861383972427575,1.8404568093811626,1.1377532723177848
2026-01-13,1.3833518007649552,1.1013219017092664,2.117366337821016,1.548977622731802,1.6172719755908493,1.2129090319828186,1.1060313770862422,0.9814554482880858,1.8777432154864855,1.1607780220316504
2026-01-14,1.377575672049522,1.123970817339383,2.104998102147792,1.5845031131489584,1.6015102858424817,1.2163142476809206,1.0795008784768727,0.9982357974114158,1.8727509258297217,1.1943518719751613
2026-01-15,1.368302045631919,1.1167123547063893,2.2024761120576133,1.59189818419032,1.6087409955198189,1.1999695785385103,1.0731091137356519,1.0103331975800738,1.859646001170252,1.1845366918934153
2026-01-16,1.3541003773901605,1.117384403616418,2.1711947163129843,1.5853006394527853,1.6254389948362553,1.1992885615566384,1.0806287691649747,1.0009674535278437,1.8674465060395478,1.1915082594566273
2026-01-20,1.307308566398585,1.1109325877780927,2.1291475617826707,1.582038164038519,1.5748245057807695,1.2215920965932423,1.0680803549722229,0.9958943998626364,1.8520015613676613,1.196737130188513
2026-01-21,1.312342811481358,1.1205430648439927,2.1509046613493568,1.580588075538826,1.5711833019049457,1.226018772369781,1.0436177760124914,1.0103331975800738,1.8621422057478938,1.225632744570539
2026-01-22,1.3160522296446588,1.12007280825946,2.154606061688713,1.5840681089700548,1.579454195984846,1.2236352783276006,1.0601376504937736,1.018528319786471,1.838272615438411,1.2259079557596613
2026-01-23,1.3144094410241396,1.1204759749045994,2.073874710735058,1.5960306679623932,1.548710914899544,1.2408311206057938,1.0949397556688238,1.017734724796551,1.8367125622639597,1.2381081812626027
2026-01-26,1.353464453988066,1.1257180818045802,2.1031699047861188,1.605818317915235,1.5659812629584247,1.2353828539620761,1.1051149028733973,1.026860605609292,1.8353084546576939,1.236915552155927
2026-01-27,1.3686199263236158,1.1361352056651484,2.098340040554907,1.627206004735492,1.562183847925965,1.2522383839324474,1.1293188838276182,1.0514608963684646,1.8243877239409758,1.2551704238195587
2026-01-28,1.3589227020118024,1.142049361475158,2.1143419604252465,1.6509862704672296,1.5645766390443634,1.2438956316298462,1.131786369810562,1.0260670875479285,1.8186153479477265,1.2620502779633027
2026-01-29,1.3686730684575998,1.1505175330464963,2.1218124772461993,1.6478686473059023,1.5939676325377459,1.2501952021980893,1.0186852546048624,1.0355897658556295,1.8317202726071962,1.2889277715327239
2026-01-30,1.375032140459845,1.1888927693765554,2.1111821507449955,1.647578719089981,1.5912105614698073,1.2736906150445257,1.011142116459719,1.049080188327261,1.8587099692655815,1.2970918972718928
2026-02-02,1.4308326772926094,1.1696043072995095,2.1358281954229708,1.6729539255743509,1.6029149097565427,1.2825440973863453,0.9948806959182062,1.057809271645042,1.935467214416018,1.2695723388354783
2026-02-03,1.428024083107817,1.1965542941532255,2.1192621128461124,1.6899916824605934,1.6378195666999291,1.3091040212568341,0.9663057603750196,1.0224961408789581,1.9924110075105452,1.3184655926431812
2026-02-04,1.4651710828374078,1.217993291842071,2.0612807545876994,1.6999241846663744,1.6504080477945497,1.3169357819427323,0.9733085079248034,1.0625706877274492,1.9969353409642336,1.3538740656296424
2026-02-05,1.4620977500949028,1.2045518956356414,2.00961887721097,1.7239943786140335,1.613422702922121,1.3366856667832445,0.9250884077429277,1.0510640988735047,1.9803982993209712,1.3400225729919673
2026-02-06,1.4738087858529163,1.2155066795245255,2.0961508289134354,1.7399446809805277,1.6770939874182198,1.3455390183363216,0.9426422420490289,1.080028854363011,2.04654670489106,1.367267062100697
2026-02-09,1.4566234622197507,1.2272008112657582,2.1297117244891894,1.7301570310276857,1.6755334714714383,1.3274918721336029,0.9719220912640616,1.0732836046629168,2.0128486003347548,1.3870812746874381
2026-02-10,1.4516374987099268,1.224915677769319,2.141831667640865,1.7280544921871481,1.655662103939297,1.3077419872930904,0.9711465853790121,1.0955031873808858,1.9766540522037683,1.390566952072966
2026-02-11,1.4612910589817747,1.2488413922771735,2.131901074609479,1.7462521856471194,1.6168559975669987,1.338217987689642,0.9502324176586846,1.1002645265347364,2.0089481686523274,1.4269846273271676
2026-02-12,1.3882531905127689,1.2258566089442373,2.041532428761995,1.773004998577202,1.574304333798509,1.3450282882971034,0.9442871126495403,1.0899482532371154,2.0849253274662787,1.3845064895933303
2026-02-13,1.3566934056930462,1.2348624405438913,2.042864041080572,1.7650298473939547,1.5738360194525167,1.3395800216533857,0.9430652190652848,1.0943128718245625,2.088825520151667,1.37083970054753
2026-02-17,1.399657038813363,1.2252934505588935,2.067464803184902,1.7641598390361475,1.5976608536117958,1.35456252604331,0.9325845804564298,1.0859805860017415,2.010196211191889,1.3499701807257987
2026-02-18,1.402150020568275,1.2478244885384873,2.107390462215985,1.7761949919374878,1.60624401044301,1.3533707790222198,0.9390233826621628,1.0859805860017415,1.9754060096642079,1.3914323068428867
2026-02-19,1.382153186413696,1.254000107009497,2.0688416980771245,1.7901150138073816,1.6024465954105502,1.343495967390706,0.9384816234422615,1.0657449138300161,1.948104063373893,1.3941103670636346
2026-02-20,1.4033698593693886,1.2482316262392295,2.0814579493142595,1.758069780531497,1.61669994597232,1.3593297757051557,0.9355846774847065,1.0574125510786385,1.9187741077060512,1.3600355334529148
2026-02-23,1.4118563989367048,1.2548824128635436,2.0139072892618954,1.782357420641097,1.5484509884703708,1.3715882121675924,0.9055313393050016,1.073680402157877,1.9627690412078138,1.3921711212103862
2026-02-24,1.4434693258904114,1.257800511722764,2.0363865558669945,1.795039766697268,1.5465260330120914,1.3743124108838225,0.9162007760677408,1.076854628260444,1.9774340190417348,1.3783194867112734
2026-02-25,1.4545549694619062,1.2501997022962303,2.079517030194337,1.7869494048417989,1.577737468881428,1.3700560220499376,0.943521907464989,1.0748707946427571,1.9618330093031433,1.3764727345154002
2026-02-26,1.4477655757893522,1.2497925645954884,2.096714991619954,1.7745587766818947,1.5924589742272324,1.370566752089156,0.9461598232198095,1.0752675152091604,1.9410836448410829,1.3716707248495292
2026-02-27,1.4012482244775595,1.2674373231573979,1.9400144378016155,1.8107102077997825,1.5621318307277388,1.388613898291875,0.9250094597167329,1.0970903004321693,1.9961552546277488,1.408238915089122
2026-03-02,1.4041123910768534,1.286710841525202,1.9550568379386541,1.8116577316875409,1.5478786397279267,1.3657996332160527,0.9386935441476132,1.0816159674142942,1.9828945038986134,1.4241220053759827
2026-03-03,1.3989674872211808,1.2810781081556695,1.957053425543609,1.79846532673299,1.5619237619348345,1.3508168672486436,0.951364918450506,1.0546351224710313,1.9955313528564875,1.402051912207065
2026-03-04,1.3924433181624432,1.2624832222900777,1.967648855382554,1.7878969287295574,1.5573982656891678,1.32970507923313,0.954356155435697,1.0562222355223148,1.993971060684997,1.383490903560894
2026-03-05,1.3806151428834834,1.288746739031839,1.895522578209721,1.7465705250385206,1.5270189454294905,1.3114876460877576,0.9672630051926329,1.0558254380273548,1.923766397362815,1.3921711212103862
2026-03-06,1.3656042722387285,1.2890182338333094,1.8636680186353716,1.752182627035983,1.5058473075036556,1.3116579330304112,0.9632119485820718,1.0732836046629166,1.9314110761624452,1.396326668304695
2026-03-09,1.3784403658576705,1.2856249668207846,1.887740484047171,1.7681446741797429,1.5081362237875595,1.324597517263462,0.9642718402403124,1.0637609263552157,1.9398354828030018,1.3892161474632638
2026-03-10,1.3834793094827773,1.2642476249952443,1.891778941830726,1.7763080773643003,1.5019458580747436,1.3259594204384635,0.9556751493295426,1.077648223250364,1.9520043755578007,1.3678848686618454
2026-03-11,1.3833731872335107,1.3015731441271632,1.8689771580573693,1.771060175317085,1.4956514579654756,1.3217030316045786,0.953602475510444,1.083203080465578,1.9265746125753471,1.3997432591700671
2026-03-12,1.3565872834437798,1.33672701835171,1.7867545287074207,1.764135902061531,1.4715668569389817,1.3213625885080138,0.946489517668618,1.0657449138300161,1.9552806664719278,1.4177502989020512
2026-03-13,1.3266719884409388,1.3357090695983915,1.7747070099778144,1.760345918365519,1.4744278028414146,1.325819607272798,0.9316277678360404,1.0546351224710315,1.9738458369912368,1.4416671442668423
2026-03-16,1.340993226484161,1.3358447124976633,1.803203596682657,1.772517869958245,1.4885769594447744,1.3340481810032512,0.9419909928657918,1.055825438027355,1.9655772564203458,1.4519173424472707
2026-03-17,1.348472009730196,1.343513447875296,1.8310421320420462,1.7354917325716437,1.492374374477234,1.3299339595323958,0.9407191084693289,1.0891548121043084,1.9513803542880201,1.4665076494524452
2026-03-18,1.325717293244291,1.3478567376900399,1.8275027519203206,1.7294421655848031,1.4967958363264486,1.3023341343707866,0.9227719746896655,1.0839965985269413,1.9030170329007545,1.4552417233781427
2026-03-19,1.3205192472546345,1.367062434608208,1.8366235208211905,1.7317745664946764,1.4979923914476059,1.295134214099604,0.9162478135322529,1.0875676221244683,1.8891320219047993,1.4605053501622631
2026-03-20,1.3153741813802609,1.3690304061637457,1.8457670002482927,1.7155209133096718,1.4906576473738167,1.281419968145096,0.8994076809082129,1.07010937856035,1.8606485937503865,1.4744491945958755
2026-03-23,1.3339386892071414,1.392647318847757,1.8860161457993627,1.7158853369699618,1.5080840470273758,1.2875913657457503,0.9020691514117248,1.062173890232489,1.887224945029191,1.4879314219112387
2026-03-24,1.3347342820392396,1.403369900485345,1.8961123594976597,1.7147920659890918,1.5210368080715366,1.2800485173918965,0.8779039961747659,1.06971258106539,1.9080169704627779,1.527177388648704
2026-03-25,1.339932328028896,1.3922400766455518,1.909997769106234,1.7487569551452395,1.5367466401836358,1.2899913391694777,0.8739001210944582,1.0824095624042145,1.9238061903698689,1.5076005102472212
2026-03-26,1.3413644923378936,1.4101563300089315,1.8664360717381208,1.7437279533752457,1.5171873758408507,1.2803914454745675,0.8619588719681269,1.0939160743296024,1.9100491622884934,1.5276390057669533
2026-03-27,1.3196705122885524,1.4329587582885321,1.8216265417366155,1.7525470506962733,1.4713066113858935,1.29787698481726,0.8402903039938403,1.0728868840965133,1.9211486627906562,1.5789820647421577
2026-03-30,1.3081605417386917,1.4299728379796761,1.8323126752016698,1.7674159387141846,1.4761443703828743,1.3074768785121702,0.8454483617600246,1.1018516395860198,1.9306847641598166,1.5834145253628413
2026-03-31,1.3461381303398336,1.4041163544371935,1.919413359411664,1.7816286851755392,1.5301921540832373,1.3037055851239858,0.8718510020240509,1.1141517465013278,1.942878632105229,1.5667004107739813
2026-04-01,1.3558978128609482,1.339713043162029,1.9516762930217333,1.7792962842656657,1.5365385713907314,1.30421984645925,0.8699667661944832,1.132800228693213,1.9500698140226653,1.4846993927763044
2026-04-02,1.357436018409862,1.350299877398882,1.9580970019197312,1.7714245989773751,1.5324810703671414,1.3151911909073595,0.8795997940148024,1.1236744248090287,1.9664846086802927,1.4838682266128675
2026-04-06,1.3730300753694806,1.3495533189455704,1.9649262233322677,1.7563371462473074,1.5447681389235748,1.3237625619317412,0.8782337626564447,1.1042322706986667,1.9821176440221593,1.5086162381410957
2026-04-07,1.3446000058002705,1.367740962608957,1.960615516191566,1.737678386388406,1.554963669337839,1.3013056117002582,0.8768441765493956,1.0752675152091604,1.914895424754206,1.5136029513988414
2026-04-08,1.373242319868014,1.309038206152961,2.0549990784234624,1.7587424766312478,1.6102292298997394,1.324962548643605,0.8816489130852095,1.0899482532371154,1.9894652495018597,1.4425906622262168
2026-04-09,1.3816758793200472,1.291868511242893,2.050393272920563,1.7588152942502928,1.6225684752163565,1.3402195786039055,0.8786813028815805,1.080028854363011,2.018699008861357,1.431694143335664
2026-04-10,1.3816228992047646,1.2795850957505093,2.0596501665000067,1.7380428100486962,1.6201633978272114,1.3280482474439321,0.8734996903667048,1.068125544942663,1.9818049163961506,1.4083311250236221
2026-04-13,1.3748336675509116,1.3015053226775266,2.0210572276180487,1.7343984615907742,1.6400840700042971,1.3098769827246401,0.9052958638509585,1.0847901935168613,1.9474121669449325,1.4095316983708086
2026-04-14,1.3728709730049309,1.2692018303640271,2.063802176914722,1.7499960850742438,1.6266990556165952,1.3011341476589227,0.9258809133854423,1.0756643127041203,1.9549161959868966,1.3781349249808366
2026-04-15,1.4131825220057859,1.2548824128635432,2.040796136884096,1.7395733223089012,1.5995629917101164,1.291019861840006,0.9685348895890954,1.0788385388066875,1.950382541648673,1.3760109755357133
2026-04-16,1.397110914924467,1.2768704612401964,2.041953265891379,1.709471346322832,1.6205817692804283,1.288791352457614,0.9898265815843201,1.0800288543630108,1.9513204855296589,1.4034370472846889
2026-04-17,1.4333382965062134,1.248638868441434,2.1008296127536776,1.706847451226735,1.6223594490517057,1.2983912461525242,0.99578542877314,1.093519276834642,1.9932171445243214,1.3522786919013594
2026-04-20,1.4482958629982834,1.2436168416230144,2.136654498532886,1.681410277060413,1.6573904790656289,1.29393422738774,0.9846685238181357,1.0919322407119152,1.9997829906882605,1.363729179706099
2026-04-21,1.411803580840123,1.2621439060389705,2.102190859539411,1.648392799937002,1.6365287104617416,1.2805627787271607,0.9990121412123739,1.083599801031981,2.0260467338395762,1.3700086762455312
2026-04-22,1.448932596493884,1.2644512983470777,2.1209996065816763,1.6479555586576669,1.6366332235440668,1.279362792015297,1.0196443002442406,1.0633642057888122,2.031987005252979,1.3805357879523341
2026-04-23,1.4503115376595468,1.273137982478029,2.112967835109393,1.681118671019168,1.6296793538634236,1.3076483425535057,0.9792042543189636,1.0582060691400017,2.0640348352524733,1.3900471717652634
2026-04-24,1.437740668654421,1.2569183103701802,2.103007607610851,1.6581595330008094,1.611850060266549,1.3136482761128245,1.0000955155864353,1.0712997710452299,2.0310491808705136,1.3750875994377767
2026-04-27,1.4194413044320062,1.2540001070094966,2.1277379858892846,1.6424161624242282,1.6293656550544897,1.2932485020111404,1.0005666105602624,1.062967485222409,1.9946240005965405,1.3684388375760326
2026-04-28,1.4358842583764082,1.2782956521957203,2.1021908595394105,1.6602732573435046,1.6284245586276882,1.343133813362897,1.0110004278032172,1.0506673013785444,1.9946240005965405,1.3903242271530756
2026-04-29,1.4330200917771143,1.3044913474878457,2.05465869748762,1.6570662620199392,1.6169217370935893,1.3520481124699497,0.9997186396073734,1.0419382180607635,2.0011899662589996,1.4282774106088543
2026-04-30,1.4392790362220358,1.311888588064008,2.095883564793754,1.6752878924545274,1.6377313289372928,1.3501624003814863,0.9604327763679731,1.0593964616248819,2.062471555617991,1.4251377332698572
2026-05-01,1.4859023477643938,1.2937009444006216,2.0957474401151805,1.6559000615650026,1.6337575979415209,1.347076701581159,0.9761188703718777,1.0447156466683705,2.05731280452331,1.4105474262646827
2026-05-04,1.4683455152494438,1.3048984851885874,2.0493724070706727,1.6341071240015808,1.6085560632107865,1.3403910426452406,0.9741875250449273,1.0435252541834905,2.037458842469228,1.4192277857756126
2026-05-05,1.5073311031999186,1.3073416248974297,2.084811629340393,1.6439467865394548,1.617705984115924,1.3453624535340312,0.9689117655681568,1.049476985822221,2.044649785389625,1.4302166564621028
2026-05-06,1.524993895945434,1.2565789941190737,2.1266942710343435,1.6371683722320343,1.6464628783892132,1.358219510070604,0.9749883144675631,1.052651211924788,2.033550523884502,1.373056001788591
2026-05-07,1.524622549082351,1.238526993354959,2.10064806702264,1.6217893134607213,1.6013406714813931,1.344505264116096,0.991027729701838,1.0506673013785444,2.035426411646473,1.3535714751830459
2026-05-08,1.5558109870389905,1.2325549437343202,2.124720393955621,1.6131159632328054,1.5795378064507046,1.3443338000747604,0.977720449217149,1.0357442383972888,2.0429132329016033,1.335010466536875
2026-05-11,1.553846510287297,1.2537287167094893,2.143733258776337,1.6139176281724303,1.568557869452148,1.3484481523343583,0.9719264852691685,1.0409874580297025,1.9984306259410176,1.3821979784177705
2026-05-12,1.5651016254202161,1.2619402326871358,2.1460929378433664,1.6345443652809153,1.594073102991816,1.3719336252363694,0.960409149586411,1.0434074765633303,2.041660410421255,1.3909706897246379
2026-05-13,1.5867094115205345,1.2622796534397052,2.1676921715569764,1.679442299810829,1.5698650010100248,1.3758765134546318,0.9543797101843876,1.0470373505066588,2.059202793110604,1.3996510492355678
2026-05-14,1.5832054330703178,1.2666229432544491,2.198412312650275,1.6822120538550591,1.5680873212387472,1.3791335455075522,0.9643189497376945,1.038567516424631,2.074709160021607,1.4108244816524953
2026-05-15,1.5939297749382022,1.2968905380613116,2.151923726974607,1.6524015720552134,1.5571073842401906,1.385476407149542,0.9937363097027325,1.021627771332019,2.058889467991997,1.4681871470132803
2026-05-18,1.5812411183373254,1.3309584330799775,2.1471365142194894,1.6685093662920847,1.572374751043453,1.3919906020441248,0.9975518908592504,1.021627771332019,2.088492358278793,1.4920805852408523
2026-05-19,1.5872403468042706,1.3508879071324733,2.1071596180255656,1.6763810515803754,1.5460752704814502,1.4043333972454337,0.9831376092189381,1.0349375655527457,2.1019624704144113,1.51123244677501
2026-05-20,1.6046539547873857,1.3103441609389392,2.2282701461408507,1.6714248674294265,1.578910408832837,1.3979906663921862,0.9917107453810167,1.0401808621137163,2.0494918654071483,1.4529400215515922
2026-05-21,1.619200641853287,1.3081525562520904,2.2419965820658017,1.688990356307458,1.5842434481466694,1.3914763407088608,0.9892087556530481,1.046634091012944,1.9005374386173486,1.4437359096127038
2026-05-22,1.6395343128875999,1.311028959027482,2.261417820922238,1.708013651681671,1.601915892339077,1.3967906796803227,0.9879813875706258,1.0446174089015874,1.8837781297274772,1.4402960534715505
2026-05-26,1.6369327786029035,1.2650064101197522,2.2564037798624375,1.6873415014344268,1.6037980851926799,1.3793050095488877,0.9819860197164036,1.0426008037187875,1.857151230574847,1.3927882184643468
